Date,MaxTemperatureC,MeanTemperatureC,MinTemperatureC,DewPointC,MeanDewPointC,MinDewpointC,MaxHumidity,MeanHumidity,MinHumidity,MaxSeaLevelPressurehPa,MeanSeaLevelPressurehPa,MinSeaLevelPressurehPa,MaxVisibilityKm,MeanVisibilityKm,MinVisibilitykM,MaxWindSpeedKm_h,MeanWindSpeedKm_h,MaxGustSpeedKm_h,Precipitationmm,CloudCover,Events,WindDirDegrees,mass_aveDay_US,mass_IS,count_IS,aveDay_Dylos_Small,aveDay_Dylos_Large,LE_Pm2_5,LE_Pm10
01-Jan-2017,34,28,23,26,22,19,100,74,41,1012,1010,1007,10,9,5,16,8,NaN,0,2,Rain,35,27.4782608695652,NaN,,NaN,NaN,NaN,NaN
02-Jan-2017,34,28,23,23,21,20,89,68,46,1011,1010,1008,10,10,10,23,10,NaN,0,4,,50,26.9166666666667,NaN,,NaN,NaN,NaN,NaN
03-Jan-2017,34,29,24,23,22,19,89,69,41,1011,1009,1007,10,10,10,14,6,NaN,0,4,,58,38.875,NaN,,NaN,NaN,NaN,NaN
04-Jan-2017,33,28,24,24,22,19,94,70,46,1011,1009,1007,10,9,6,13,6,NaN,0,4,,39,90.6666666666667,NaN,,NaN,NaN,NaN,NaN
05-Jan-2017,33,29,25,25,22,20,100,71,49,1010,1008,1007,10,9,8,14,6,37,0,4,,98,86.0833333333333,NaN,,NaN,NaN,NaN,NaN
06-Jan-2017,33,29,25,25,22,19,94,70,46,1009,1007,1005,10,9,6,19,8,27,0,4,Rain,72,29.2083333333333,NaN,,NaN,NaN,NaN,NaN
07-Jan-2017,31,28,25,26,23,21,100,75,55,1009,1007,1005,10,8,5,23,8,39,0,4,Rain,94,39.0416666666667,NaN,,NaN,NaN,NaN,NaN
08-Jan-2017,33,29,26,22,21,19,78,61,46,1009,1007,1005,10,10,10,23,13,39,0,3,,107,20.375,NaN,,NaN,NaN,NaN,NaN
09-Jan-2017,33,28,23,24,21,17,94,67,43,1010,1008,1005,10,10,10,16,8,NaN,0,1,,110,25.5,NaN,,NaN,NaN,NaN,NaN
10-Jan-2017,32,28,24,24,22,21,94,73,55,1010,1008,1006,10,9,7,14,8,NaN,0,2,Rain,128,36.125,NaN,,NaN,NaN,NaN,NaN
11-Jan-2017,32,28,24,24,22,21,94,73,52,1011,1009,1006,10,9,5,14,6,29,0,3,Rain,116,44.2916666666667,NaN,,NaN,NaN,NaN,NaN
12-Jan-2017,33,28,24,25,23,21,100,76,49,1010,1007,1005,10,10,6,14,8,27,0,3,,281,42.75,51.0573,170191,NaN,NaN,NaN,NaN
13-Jan-2017,34,29,24,27,23,20,100,75,46,1009,1007,1004,10,9,4,14,8,NaN,0,3,,281,45.4166666666667,83.6478,278826,NaN,NaN,NaN,NaN
14-Jan-2017,32,29,26,27,24,21,100,85,52,1010,1008,1006,10,9,5,16,8,NaN,0,3,Rain-Thunderstorm,70,38.2916666666667,NaN,,NaN,NaN,NaN,NaN
15-Jan-2017,27,26,25,26,25,24,100,97,84,1011,1010,1008,10,8,2,11,6,NaN,0,6,Rain,354,48.2916666666667,NaN,,NaN,NaN,NaN,NaN
16-Jan-2017,32,28,24,25,23,21,100,79,55,1011,1009,1007,10,9,6,24,8,47,0,4,Rain,90,29.2916666666667,359.9187,1199729,NaN,NaN,NaN,NaN
17-Jan-2017,33,28,23,25,22,18,100,72,41,1012,1010,1008,10,8,3,32,8,NaN,0,3,,88,40.4166666666667,615,2050000,NaN,NaN,NaN,NaN
18-Jan-2017,34,29,24,23,20,15,89,64,34,1014,1012,1010,10,10,10,23,6,NaN,0,3,,52,39.5833333333333,82.5,275000,NaN,NaN,NaN,NaN
19-Jan-2017,32,28,25,25,22,19,100,70,46,1013,1011,1009,10,9,4,14,5,NaN,0,4,,98,50.7083333333333,105.3,351000,NaN,NaN,NaN,NaN
20-Jan-2017,32,28,25,26,23,20,100,77,49,1013,1011,1009,10,10,8,13,6,NaN,0,5,Rain-Thunderstorm,359,52.3333333333333,NaN,,NaN,NaN,NaN,NaN
21-Jan-2017,33,28,24,25,22,20,94,74,49,1015,1013,1010,10,9,6,24,6,NaN,0,4,,21,39.375,NaN,,NaN,NaN,NaN,NaN
22-Jan-2017,33,28,24,25,21,18,100,68,43,1015,1013,1011,10,9,7,14,6,NaN,0,3,,11,46.125,NaN,,NaN,NaN,NaN,NaN
23-Jan-2017,34,28,22,23,19,17,88,62,38,1015,1013,1010,10,10,10,13,6,NaN,0,3,,47,37.4166666666667,29.1,97000,NaN,NaN,NaN,NaN
24-Jan-2017,31,27,24,23,20,18,79,66,49,1015,1013,1011,10,10,7,13,6,NaN,0,5,,63,-88.75,88.5,295000,NaN,NaN,NaN,NaN
25-Jan-2017,34,29,24,25,23,2,100,80,22,1015,1013,1010,10,9,3,21,5,NaN,0,4,Rain,324,96.25,321,1070000,NaN,NaN,NaN,NaN
26-Jan-2017,33,28,24,25,22,17,100,70,43,1014,1012,1010,10,9,4,14,5,NaN,0,4,,34,33.625,271.8,906000,NaN,NaN,NaN,NaN
27-Jan-2017,33,27,22,21,17,15,73,58,34,1015,1012,1009,10,10,10,16,6,NaN,0,2,,47,29.9166666666667,NaN,,NaN,NaN,NaN,NaN
28-Jan-2017,31,26,21,24,18,15,94,64,40,1013,1011,1009,10,8,6,11,6,NaN,0,1,,273,51.9583333333333,NaN,,NaN,NaN,NaN,NaN
29-Jan-2017,32,27,22,24,21,18,100,73,43,1013,1011,1009,10,9,7,13,6,NaN,0,4,,192,39.4166666666667,NaN,,NaN,NaN,NaN,NaN
30-Jan-2017,33,28,23,24,21,17,100,72,41,1013,1010,1008,10,10,10,14,5,NaN,0,4,,141,30.4166666666667,NaN,,NaN,NaN,NaN,NaN
31-Jan-2017,32,27,23,24,21,17,100,73,40,1013,1010,1009,10,9,6,13,6,NaN,0,3,,319,35.4166666666667,NaN,,NaN,NaN,NaN,NaN
01-Feb-2017,32,28,24,25,23,21,100,76,52,1012,1011,1009,10,10,6,16,8,35,0,4,Rain,172,37.0833333333333,NaN,,NaN,NaN,NaN,NaN
02-Feb-2017,31,27,23,24,24,22,100,88,62,1013,1011,1008,10,9,1,27,6,NaN,0,5,Rain-Thunderstorm,316,31.5416666666667,NaN,,NaN,NaN,NaN,NaN
03-Feb-2017,29,27,24,25,23,21,100,85,66,1013,1011,1009,10,9,6,8,5,NaN,0,5,Rain,293,28.9583333333333,NaN,,NaN,NaN,NaN,NaN
04-Feb-2017,33,29,25,25,23,19,100,73,43,1012,1009,1006,10,10,10,13,5,NaN,0,3,,169,24.9166666666667,NaN,,NaN,NaN,NaN,NaN
05-Feb-2017,33,29,25,26,24,21,100,83,49,1011,1009,1006,10,10,4,26,8,NaN,0,3,Rain-Thunderstorm,246,23.5,NaN,,NaN,NaN,NaN,NaN
06-Feb-2017,32,28,24,25,22,19,100,76,46,1012,1009,1007,10,10,10,16,8,NaN,0,4,,223,31.9583333333333,21.9,73000,NaN,NaN,NaN,NaN
07-Feb-2017,33,28,24,23,21,15,89,72,36,1012,1010,1007,10,10,10,16,10,NaN,0,4,,170,32,45.3,151000,NaN,NaN,NaN,NaN
08-Feb-2017,32,27,23,25,22,20,94,75,49,1012,1010,1007,10,10,8,16,6,NaN,0,2,,228,85.0416666666667,263.4,878000,NaN,NaN,NaN,NaN
09-Feb-2017,34,29,25,24,22,17,89,69,38,1012,1010,1007,10,10,10,19,8,NaN,0,3,,129,37.4166666666667,79.2,264000,NaN,NaN,NaN,NaN
10-Feb-2017,33,28,24,24,21,19,100,72,43,1013,1011,1008,10,10,6,19,8,NaN,0,2,,64,44.9166666666667,46.5,155000,NaN,NaN,NaN,NaN
11-Feb-2017,33,27,22,21,18,13,88,60,31,1015,1013,1011,10,10,10,14,8,NaN,0,2,,45,35.5416666666667,NaN,,NaN,NaN,NaN,NaN
12-Feb-2017,33,27,21,21,16,12,74,53,28,1016,1014,1011,10,10,9,14,8,NaN,0,2,,39,-5.875,NaN,,NaN,NaN,NaN,NaN
13-Feb-2017,33,27,21,22,16,12,83,54,29,1017,1015,1012,10,10,10,16,8,NaN,0,1,,36,44.1666666666667,46.8,156000,NaN,NaN,NaN,NaN
14-Feb-2017,34,27,21,21,18,14,78,58,31,1018,1016,1013,10,10,10,21,8,NaN,0,2,,51,45.9583333333333,67.2,224000,NaN,NaN,NaN,NaN
15-Feb-2017,32,27,23,21,18,17,74,58,40,1017,1015,1012,10,10,10,19,10,35,0,4,,45,33.875,19.8,66000,NaN,NaN,NaN,NaN
16-Feb-2017,33,27,21,20,16,13,78,53,29,1016,1014,1010,10,10,10,14,8,NaN,0,2,,73,38.7916666666667,49.8,166000,NaN,NaN,NaN,NaN
17-Feb-2017,33,28,23,22,19,17,94,62,38,1015,1013,1011,10,9,6,14,8,NaN,0,3,,97,49.4166666666667,119.4,398000,NaN,NaN,NaN,NaN
18-Feb-2017,34,28,22,23,21,19,100,67,41,1015,1013,1010,10,9,6,21,6,NaN,0,2,,129,47.5833333333333,NaN,,NaN,NaN,NaN,NaN
19-Feb-2017,33,28,23,25,22,19,100,79,46,1014,1011,1008,10,8,2,27,6,NaN,0,4,Rain,197,46.1666666666667,NaN,,NaN,NaN,NaN,NaN
20-Feb-2017,31,27,24,23,22,21,94,74,58,1012,1010,1008,10,10,8,14,6,NaN,0,4,Rain,142,32.5,49.5,165000,NaN,NaN,NaN,NaN
21-Feb-2017,33,29,25,24,23,22,89,72,52,1013,1011,1009,10,10,10,19,11,39,0,2,Rain,131,20.6666666666667,39.6,132000,NaN,NaN,NaN,NaN
22-Feb-2017,35,30,26,24,23,21,89,74,44,1013,1010,1008,10,10,10,23,13,26,0,2,Thunderstorm,135,22.7916666666667,34.5,115000,NaN,NaN,NaN,NaN
23-Feb-2017,33,29,26,24,22,21,89,70,49,1013,1011,1009,10,10,10,23,13,NaN,0,3,,140,464.083333333333,42.9,143000,NaN,NaN,NaN,NaN
24-Feb-2017,34,29,24,23,22,20,94,68,46,1014,1012,1009,10,10,10,19,10,NaN,0,2,,107,24.0416666666667,50.4,168000,NaN,NaN,NaN,NaN
25-Feb-2017,33,28,24,24,22,20,94,71,49,1013,1010,1008,10,10,6,16,6,NaN,0,3,,128,43.25,NaN,,NaN,NaN,NaN,NaN
26-Feb-2017,31,28,25,25,24,23,100,84,62,1012,1010,1008,10,9,2,19,6,NaN,0,4,Rain-Thunderstorm,109,48.4166666666667,NaN,,NaN,NaN,NaN,NaN
27-Feb-2017,34,29,24,26,22,19,100,73,41,1012,1010,1008,10,9,5,16,5,NaN,0,2,Rain,75,44.5833333333333,64.2,214000,NaN,NaN,NaN,NaN
28-Feb-2017,34,28,23,25,21,19,89,66,41,1012,1010,1007,10,9,8,16,8,NaN,0,2,,98,32.375,52.8,176000,NaN,NaN,NaN,NaN
01-Mar-2017,33,29,25,24,22,20,94,68,46,1012,1010,1008,10,10,8,14,5,26,0,2,Rain,126,36.7916666666667,52.8,176000,NaN,NaN,NaN,NaN
02-Mar-2017,34,29,24,22,19,18,74,60,38,1012,1010,1007,10,10,9,21,8,NaN,0,2,,74,43.5833333333333,38.4,128000,NaN,NaN,NaN,NaN
03-Mar-2017,32,27,23,22,19,18,89,63,46,1011,1009,1006,10,9,5,16,6,NaN,0,2,,156,51,89.7231,299077,NaN,NaN,NaN,NaN
04-Mar-2017,34,28,22,21,19,17,88,64,36,1011,1009,1006,10,9,5,21,10,NaN,0,2,,112,54.375,NaN,,NaN,NaN,NaN,NaN
05-Mar-2017,33,28,24,24,22,19,94,72,46,1012,1009,1007,10,9,6,19,10,37,0,2,,159,34.125,NaN,,NaN,NaN,NaN,NaN
06-Mar-2017,33,28,24,24,22,21,94,75,49,1012,1009,1006,10,10,10,21,10,NaN,0,2,,152,69.4583333333333,116.7,389000,NaN,NaN,NaN,NaN
07-Mar-2017,33,29,25,23,20,16,89,65,36,1012,1010,1007,10,10,10,21,13,39,0,2,,138,29.4166666666667,47.7,159000,NaN,NaN,NaN,NaN
08-Mar-2017,34,28,23,22,19,17,94,64,38,1012,1010,1007,10,10,10,23,10,37,0,1,,141,28.1666666666667,NaN,,NaN,NaN,NaN,NaN
09-Mar-2017,34,29,25,22,20,17,83,65,36,1012,1009,1007,10,10,9,21,14,34,0,2,,129,26.4166666666667,NaN,,NaN,NaN,NaN,NaN
10-Mar-2017,34,29,24,23,21,17,89,69,41,1012,1009,1007,10,10,9,21,14,NaN,0,2,,143,32.375,98.7,329000,NaN,NaN,NaN,NaN
11-Mar-2017,32,28,24,24,22,20,100,76,52,1012,1010,1008,10,9,6,21,11,NaN,0,2,,149,35.5416666666667,NaN,,NaN,NaN,NaN,NaN
12-Mar-2017,32,28,24,24,22,19,94,72,52,1013,1010,1008,10,10,10,19,10,NaN,0,2,,161,28.5,NaN,,NaN,NaN,NaN,NaN
13-Mar-2017,34,29,25,24,22,17,94,68,46,1012,1010,1007,10,10,10,16,8,NaN,0,3,,171,31.4583333333333,56.1,187000,NaN,NaN,NaN,NaN
14-Mar-2017,33,29,25,24,22,19,94,70,46,1012,1010,1008,10,10,10,16,11,NaN,0,2,,165,26.0416666666667,77.9463,259821,NaN,NaN,NaN,NaN
15-Mar-2017,34,29,24,25,22,17,100,71,38,1011,1010,1007,10,10,5,26,11,NaN,0,2,,138,35.2083333333333,NaN,,NaN,NaN,NaN,NaN
16-Mar-2017,34,29,25,29,25,21,100,85,49,1011,1009,1006,10,9,2,23,14,35,0,3,Rain-Thunderstorm,133,33.2083333333333,NaN,,NaN,NaN,NaN,NaN
17-Mar-2017,33,29,26,29,24,22,100,81,55,1011,1009,1007,10,10,8,23,13,50,0,2,,127,30.0416666666667,103.8,346000,NaN,NaN,NaN,NaN
18-Mar-2017,33,29,25,24,23,21,89,74,52,1013,1011,1009,10,10,10,24,14,42,0,2,,130,29.2916666666667,NaN,,NaN,NaN,NaN,NaN
19-Mar-2017,31,28,26,25,24,22,89,79,62,1014,1011,1009,10,10,8,23,13,50,0,3,Rain,111,32.2083333333333,NaN,,NaN,NaN,NaN,NaN
20-Mar-2017,33,29,26,25,24,22,89,75,52,1013,1010,1007,10,10,10,23,13,NaN,0,2,,137,53.375,33,110000,NaN,NaN,NaN,NaN
21-Mar-2017,33,30,27,25,24,22,89,76,59,1013,1010,1007,10,10,9,19,11,NaN,0,4,,151,-2.20833333333333,73.8,246000,NaN,NaN,NaN,NaN
22-Mar-2017,33,29,26,25,23,22,89,74,52,1012,1009,1007,10,10,10,23,13,NaN,0,3,,146,-1.41666666666667,53.7,179000,NaN,NaN,NaN,NaN
23-Mar-2017,34,30,26,25,23,22,89,73,52,1012,1009,1007,10,10,10,23,13,NaN,0,2,,144,10.2083333333333,39.9,133000,NaN,NaN,NaN,NaN
24-Mar-2017,35,30,26,25,24,22,94,72,47,1012,1010,1008,10,10,10,23,11,47,0,2,,133,19.25,76.2,254000,NaN,NaN,NaN,NaN
25-Mar-2017,35,31,27,25,24,23,89,72,53,1013,1010,1008,10,10,10,23,13,45,0,2,,121,60.1666666666667,NaN,,NaN,NaN,NaN,NaN
26-Mar-2017,37,31,26,24,22,19,89,63,35,1013,1011,1008,10,10,7,23,11,45,0,2,,114,21.2916666666667,NaN,,NaN,NaN,NaN,NaN
27-Mar-2017,35,30,25,23,21,20,78,62,46,1014,1012,1009,10,10,9,19,10,35,0,2,,97,29.625,118.2,394000,NaN,NaN,NaN,NaN
28-Mar-2017,35,30,25,23,22,21,89,66,46,1013,1011,1009,10,9,6,21,11,NaN,0,2,,110,32.6666666666667,51.3,171000,NaN,NaN,NaN,NaN
29-Mar-2017,35,30,25,24,23,22,94,70,47,1014,1012,1009,10,10,6,23,11,45,0,3,,106,70.625,298.5,995000,NaN,NaN,NaN,NaN
30-Mar-2017,34,29,24,27,24,22,100,86,49,1014,1012,1009,10,9,5,14,5,35,0,4,Rain-Thunderstorm,50,39.625,139.8,466000,NaN,NaN,NaN,NaN
31-Mar-2017,34,29,25,26,24,23,100,77,55,1014,1011,1008,10,10,10,19,6,40,0,4,,125,67.8333333333333,211.5,705000,NaN,NaN,NaN,NaN
01-Apr-2017,34,27,21,26,24,21,100,87,52,1013,1011,1008,10,8,0,35,8,34,0,4,Rain-Thunderstorm,107,32.25,NaN,,NaN,NaN,NaN,NaN
02-Apr-2017,33,28,23,26,24,23,100,91,55,1013,1011,1009,10,9,1,27,3,NaN,0,4,Rain-Thunderstorm,5,41.5833333333333,NaN,,NaN,NaN,NaN,NaN
03-Apr-2017,33,28,24,26,25,24,100,90,59,1014,1011,1009,10,9,1,32,5,42,0,4,Rain-Thunderstorm,54,-51.9166666666667,70.2,234000,NaN,NaN,NaN,NaN
04-Apr-2017,35,29,24,28,25,23,100,83,59,1013,1011,1008,10,8,1,19,5,35,0,2,,69,52.1666666666667,553.8,1846000,NaN,NaN,NaN,NaN
05-Apr-2017,33,29,25,27,25,24,100,81,63,1011,1009,1006,10,10,8,34,10,42,0,3,Rain,118,25.875,87.3,291000,NaN,NaN,NaN,NaN
06-Apr-2017,33,29,25,26,25,24,100,84,63,1012,1009,1006,10,10,8,21,13,39,0,4,Rain,104,22.625,162.9,543000,NaN,NaN,NaN,NaN
07-Apr-2017,34,30,27,26,25,24,89,78,59,1011,1009,1006,10,10,10,23,14,47,0,2,,127,24.7083333333333,56.1,187000,NaN,NaN,NaN,NaN
08-Apr-2017,35,31,27,27,25,23,94,77,56,1011,1009,1006,10,10,10,24,14,48,0,2,,129,28.875,NaN,,NaN,NaN,NaN,NaN
09-Apr-2017,34,30,27,27,25,24,94,75,59,1011,1009,1006,10,10,10,19,13,NaN,0,3,,142,21.3333333333333,NaN,,NaN,NaN,NaN,NaN
10-Apr-2017,35,31,27,27,27,25,100,83,59,1010,1008,1005,10,10,10,19,13,42,0,3,,145,19.5416666666667,299.1,997000,NaN,NaN,NaN,NaN
11-Apr-2017,34,30,27,28,26,24,100,82,59,1010,1007,1005,10,10,10,14,8,NaN,0,3,,181,19.5,104.4,348000,NaN,NaN,NaN,NaN
12-Apr-2017,35,31,28,28,26,23,100,79,55,1010,1008,1005,10,10,10,16,10,NaN,0,3,,171,23.4166666666667,52.0359,173453,NaN,NaN,NaN,NaN
13-Apr-2017,35,31,28,27,26,23,94,76,53,1013,1010,1007,10,10,10,21,10,NaN,0,2,Rain,140,60.2083333333333,37.1259,123753,NaN,NaN,NaN,NaN
14-Apr-2017,36,31,26,25,23,19,94,68,37,1013,1010,1007,10,10,10,23,14,35,0,1,,119,8.95833333333333,24.9,83000,NaN,NaN,NaN,NaN
15-Apr-2017,36,31,27,24,21,16,84,60,30,1012,1009,1007,10,10,10,21,13,42,0,1,,118,14.5833333333333,NaN,,NaN,NaN,NaN,NaN
16-Apr-2017,35,31,27,24,22,19,79,62,39,1011,1009,1006,10,10,10,21,13,40,0,1,,145,12.125,NaN,,NaN,NaN,NaN,NaN
17-Apr-2017,34,30,27,24,23,21,84,68,46,1012,1010,1007,10,10,10,16,13,NaN,0,2,,149,8.70833333333333,100.5,335000,NaN,NaN,NaN,NaN
18-Apr-2017,34,30,27,25,24,22,89,73,49,1011,1009,1006,10,10,8,19,10,NaN,0,3,Rain-Thunderstorm,164,13.125,298.2,994000,NaN,NaN,NaN,NaN
19-Apr-2017,36,31,27,25,23,21,89,67,44,1011,1009,1006,10,10,10,21,10,NaN,0,3,,207,377.791666666667,45.3,151000,NaN,NaN,NaN,NaN
20-Apr-2017,36,32,28,25,23,20,84,66,41,1012,1009,1006,10,10,10,16,13,NaN,0,3,,195,7.75,39.9,133000,NaN,NaN,NaN,NaN
21-Apr-2017,36,32,28,26,23,20,89,65,39,1011,1009,1006,10,10,10,21,13,NaN,0,3,,220,10.9166666666667,72,240000,NaN,NaN,NaN,NaN
22-Apr-2017,37,32,27,26,22,19,89,65,35,1011,1009,1005,10,10,3,34,10,37,0,2,Rain-Thunderstorm,198,21.9166666666667,NaN,,NaN,NaN,NaN,NaN
23-Apr-2017,34,29,25,27,25,20,94,81,56,1012,1009,1007,10,9,3,21,5,NaN,0,3,Rain-Thunderstorm,150,26.8333333333333,NaN,,NaN,NaN,NaN,NaN
24-Apr-2017,34,30,26,26,24,20,94,73,44,1012,1010,1007,10,9,6,16,6,37,0,2,,135,20.875,90.6,302000,NaN,NaN,NaN,NaN
25-Apr-2017,36,31,26,26,24,19,94,72,37,1011,1009,1006,10,9,3,26,6,NaN,0,2,Rain-Thunderstorm,154,22.75,24.3,81000,NaN,NaN,NaN,NaN
26-Apr-2017,35,30,25,26,24,20,94,75,46,1011,1009,1006,10,9,5,24,8,27,0,3,Rain,131,22.5833333333333,352.2,1174000,NaN,NaN,NaN,NaN
27-Apr-2017,34,30,26,26,24,21,94,77,46,1011,1010,1007,10,9,3,14,6,NaN,0,3,Rain,268,22.0833333333333,130.5,435000,NaN,NaN,NaN,NaN
28-Apr-2017,35,30,26,26,24,21,94,69,46,1011,1009,1006,10,9,6,24,8,NaN,0,2,,131,15.7916666666667,22.5,75000,NaN,NaN,NaN,NaN
29-Apr-2017,33,28,24,26,24,22,94,75,52,1013,1011,1008,10,9,4,23,8,47,0,4,Rain-Thunderstorm,47,18.75,NaN,,NaN,NaN,NaN,NaN
30-Apr-2017,34,30,26,26,24,21,94,72,46,1011,1010,1008,10,10,7,16,8,NaN,0,2,Rain,136,13.2083333333333,NaN,,NaN,NaN,NaN,NaN
01-May-2017,35,31,27,26,24,21,94,70,44,1012,1010,1007,10,10,7,14,8,35,0,2,,143,7.875,26.7,89000,NaN,NaN,NaN,NaN
02-May-2017,35,30,26,27,25,23,94,76,49,1012,1010,1007,10,10,4,21,8,40,0,4,Rain-Thunderstorm,216,9.04166666666667,16.8,56000,NaN,NaN,NaN,NaN
03-May-2017,34,31,28,26,25,23,89,73,55,1012,1009,1007,10,10,8,13,8,26,0,3,Rain,218,9.33333333333333,19.2,64000,NaN,NaN,NaN,NaN
04-May-2017,35,30,26,27,24,23,94,73,52,1011,1009,1006,10,9,2,16,8,NaN,0,2,Rain-Thunderstorm,197,8.25,12.3,41000,NaN,NaN,NaN,NaN
05-May-2017,34,30,26,26,25,20,94,78,55,1013,1010,1007,10,9,1,27,6,40,0,2,Rain-Thunderstorm,333,31.3333333333333,66.9,223000,NaN,NaN,NaN,NaN
06-May-2017,34,30,26,27,25,21,94,81,46,1013,1012,1009,10,9,4,21,6,NaN,0,2,Rain-Thunderstorm,112,25.125,NaN,,NaN,NaN,NaN,NaN
07-May-2017,30,28,25,26,24,23,94,85,70,1014,1011,1009,10,8,3,26,5,42,0,4,Rain-Thunderstorm,89,36,NaN,,NaN,NaN,NaN,NaN
08-May-2017,34,29,25,27,24,22,94,79,49,1011,1009,1005,10,8,3,16,5,NaN,0,4,Rain-Thunderstorm,66,33.4583333333333,70.8,236000,NaN,NaN,NaN,NaN
09-May-2017,34,29,25,27,25,23,94,83,52,1011,1008,1006,10,9,3,19,8,34,0,4,Rain-Thunderstorm,95,25.4583333333333,89.4,298000,NaN,NaN,NaN,NaN
10-May-2017,33,29,25,26,24,22,94,77,55,1011,1009,1006,10,9,6,21,8,45,0,3,,109,19.6666666666667,57.6,192000,NaN,NaN,NaN,NaN
11-May-2017,33,29,26,26,24,23,94,77,55,1011,1009,1006,10,9,4,21,8,32,0,3,Rain,92,19.4166666666667,35.1,117000,NaN,NaN,NaN,NaN
12-May-2017,35,30,25,26,24,21,94,72,44,1010,1008,1005,10,9,6,19,8,NaN,0,2,,112,63,50.1,167000,NaN,NaN,NaN,NaN
13-May-2017,34,30,26,27,25,22,94,80,52,1009,1008,1005,10,9,6,14,8,32,0,3,Rain-Thunderstorm,88,31.7916666666667,NaN,,NaN,NaN,NaN,NaN
14-May-2017,33,29,26,27,26,23,94,86,59,1009,1007,1005,10,9,7,21,6,NaN,0,4,Rain-Thunderstorm,103,27.2916666666667,NaN,,NaN,NaN,NaN,NaN
15-May-2017,33,29,26,27,25,24,94,88,59,1008,1007,1004,10,9,2,26,5,NaN,0,4,Rain-Thunderstorm,174,28.625,42.9,143000,NaN,NaN,NaN,NaN
16-May-2017,33,29,26,27,25,24,94,87,59,1009,1007,1005,10,8,3,21,5,29,0,4,Rain-Thunderstorm,176,39.5833333333333,107.1,357000,NaN,NaN,NaN,NaN
17-May-2017,34,29,25,27,25,22,94,79,52,1009,1007,1004,10,9,5,21,6,NaN,0,3,Rain,238,27.75,103.8,346000,NaN,NaN,NaN,NaN
18-May-2017,35,30,26,27,26,23,94,78,49,1009,1008,1005,10,10,5,26,6,NaN,0,3,,229,26.125,83.4,278000,NaN,NaN,NaN,NaN
19-May-2017,34,30,26,27,26,24,94,82,56,1010,1008,1005,10,9,4,26,8,NaN,0,3,Rain-Thunderstorm,235,23.0833333333333,67.2,224000,NaN,NaN,NaN,NaN
20-May-2017,34,29,25,27,25,24,94,82,56,1009,1006,1003,10,9,1,24,6,NaN,0,4,Rain,258,38.0416666666667,NaN,,NaN,NaN,NaN,NaN
21-May-2017,34,30,26,28,26,23,94,86,52,1008,1005,1003,10,9,5,27,8,NaN,0,4,Rain,246,19.5416666666667,NaN,,NaN,NaN,NaN,NaN
22-May-2017,35,30,26,27,26,23,94,82,53,1008,1006,1004,10,10,10,27,10,NaN,0,3,,245,19.6666666666667,36.3,121000,NaN,NaN,NaN,NaN
23-May-2017,34,30,26,29,27,24,94,87,63,1009,1007,1005,10,9,3,23,10,NaN,0,3,Rain-Thunderstorm,239,20.6666666666667,21.3,71000,NaN,NaN,NaN,NaN
24-May-2017,35,30,26,28,26,23,94,84,52,1009,1006,1003,10,9,0,32,6,NaN,0,3,Rain-Thunderstorm,221,21.875,18.6,62000,NaN,NaN,NaN,NaN
25-May-2017,34,30,26,28,26,23,94,84,52,1008,1007,1004,10,9,4,32,6,NaN,0,4,,257,26.3333333333333,46.2,154000,NaN,NaN,NaN,NaN
26-May-2017,33,29,26,27,26,25,94,88,63,1009,1007,1005,10,9,3,27,6,NaN,0,4,Rain,250,24.875,62.7,209000,NaN,NaN,NaN,NaN
27-May-2017,34,30,26,27,26,24,94,85,59,1008,1007,1004,10,9,6,21,8,NaN,0,4,Rain,253,27.0416666666667,NaN,,29438.6666666667,2878.22222222222,NaN,NaN
27-May-2017,34,30,26,27,26,24,94,85,59,1008,1007,1004,10,9,6,21,8,NaN,0,4,Rain,253,27.0416666666667,NaN,,29438.6666666667,2878.22222222222,NaN,NaN
27-May-2017,34,30,26,27,26,24,94,85,59,1008,1007,1004,10,9,6,21,8,NaN,0,4,Rain,253,27.0416666666667,NaN,,29438.6666666667,2878.22222222222,NaN,NaN
27-May-2017,34,30,26,27,26,24,94,85,59,1008,1007,1004,10,9,6,21,8,NaN,0,4,Rain,253,27.0416666666667,NaN,,29438.6666666667,2878.22222222222,NaN,NaN
28-May-2017,33,30,27,28,26,24,94,86,62,1008,1006,1004,10,10,5,19,8,NaN,0,3,Rain-Thunderstorm,236,22.2916666666667,NaN,,NaN,NaN,NaN,NaN
29-May-2017,33,29,26,28,26,24,94,85,59,1009,1007,1005,10,9,5,19,6,NaN,0,4,Rain-Thunderstorm,308,30.8333333333333,40.8,136000,NaN,NaN,NaN,NaN
30-May-2017,30,28,26,28,26,25,94,91,84,1009,1008,1007,10,8,5,16,5,NaN,0,5,Rain-Thunderstorm,303,39.4166666666667,211.8,706000,NaN,NaN,NaN,NaN
31-May-2017,33,29,25,29,26,24,94,85,66,1010,1008,1005,10,8,4,19,5,NaN,0,3,Rain,208,78.3333333333333,268.8,896000,354.337203082306,25.3458919458139,NaN,NaN
31-May-2017,33,29,25,29,26,24,94,85,66,1010,1008,1005,10,8,4,19,5,NaN,0,3,Rain,208,78.3333333333333,268.8,896000,354.337203082306,25.3458919458139,NaN,NaN
31-May-2017,33,29,25,29,26,24,94,85,66,1010,1008,1005,10,8,4,19,5,NaN,0,3,Rain,208,78.3333333333333,268.8,896000,354.337203082306,25.3458919458139,NaN,NaN
31-May-2017,33,29,25,29,26,24,94,85,66,1010,1008,1005,10,8,4,19,5,NaN,0,3,Rain,208,78.3333333333333,268.8,896000,354.337203082306,25.3458919458139,NaN,NaN
31-May-2017,33,29,25,29,26,24,94,85,66,1010,1008,1005,10,8,4,19,5,NaN,0,3,Rain,208,78.3333333333333,268.8,896000,354.337203082306,25.3458919458139,NaN,NaN
01-Jun-2017,34,30,26,29,26,23,94,79,55,1009,1008,1005,10,9,8,16,8,NaN,0,3,,213,9.95833333333333,75.9,253000,164.040750385802,13.6700424382716,NaN,NaN
01-Jun-2017,34,30,26,29,26,23,94,79,55,1009,1008,1005,10,9,8,16,8,NaN,0,3,,213,9.95833333333333,75.9,253000,164.040750385802,13.6700424382716,NaN,NaN
01-Jun-2017,34,30,26,29,26,23,94,79,55,1009,1008,1005,10,9,8,16,8,NaN,0,3,,213,9.95833333333333,75.9,253000,164.040750385802,13.6700424382716,NaN,NaN
01-Jun-2017,34,30,26,29,26,23,94,79,55,1009,1008,1005,10,9,8,16,8,NaN,0,3,,213,9.95833333333333,75.9,253000,164.040750385802,13.6700424382716,NaN,NaN
01-Jun-2017,34,30,26,29,26,23,94,79,55,1009,1008,1005,10,9,8,16,8,NaN,0,3,,213,9.95833333333333,75.9,253000,164.040750385802,13.6700424382716,NaN,NaN
02-Jun-2017,32,29,26,28,26,25,94,86,66,1010,1008,1006,10,10,2,32,13,58,0,3,Rain-Thunderstorm,247,619.125,73.2,244000,126.527391975309,11.4194637345679,NaN,NaN
02-Jun-2017,32,29,26,28,26,25,94,86,66,1010,1008,1006,10,10,2,32,13,58,0,3,Rain-Thunderstorm,247,619.125,73.2,244000,126.527391975309,11.4194637345679,NaN,NaN
02-Jun-2017,32,29,26,28,26,25,94,86,66,1010,1008,1006,10,10,2,32,13,58,0,3,Rain-Thunderstorm,247,619.125,73.2,244000,126.527391975309,11.4194637345679,NaN,NaN
02-Jun-2017,32,29,26,28,26,25,94,86,66,1010,1008,1006,10,10,2,32,13,58,0,3,Rain-Thunderstorm,247,619.125,73.2,244000,126.527391975309,11.4194637345679,NaN,NaN
02-Jun-2017,32,29,26,28,26,25,94,86,66,1010,1008,1006,10,10,2,32,13,58,0,3,Rain-Thunderstorm,247,619.125,73.2,244000,126.527391975309,11.4194637345679,NaN,NaN
03-Jun-2017,34,30,26,28,26,24,94,83,59,1010,1008,1005,10,10,8,29,10,NaN,0,4,Rain,250,985,NaN,,132.476321373457,8.65335648148148,NaN,NaN
03-Jun-2017,34,30,26,28,26,24,94,83,59,1010,1008,1005,10,10,8,29,10,NaN,0,4,Rain,250,985,NaN,,132.476321373457,8.65335648148148,NaN,NaN
03-Jun-2017,34,30,26,28,26,24,94,83,59,1010,1008,1005,10,10,8,29,10,NaN,0,4,Rain,250,985,NaN,,132.476321373457,8.65335648148148,NaN,NaN
03-Jun-2017,34,30,26,28,26,24,94,83,59,1010,1008,1005,10,10,8,29,10,NaN,0,4,Rain,250,985,NaN,,132.476321373457,8.65335648148148,NaN,NaN
03-Jun-2017,34,30,26,28,26,24,94,83,59,1010,1008,1005,10,10,8,29,10,NaN,0,4,Rain,250,985,NaN,,132.476321373457,8.65335648148148,NaN,NaN
04-Jun-2017,33,29,26,28,26,24,94,88,66,1010,1008,1006,10,9,6,29,10,55,0,5,Rain-Thunderstorm,238,985,NaN,,104.593074845679,9.9317611882716,NaN,NaN
04-Jun-2017,33,29,26,28,26,24,94,88,66,1010,1008,1006,10,9,6,29,10,55,0,5,Rain-Thunderstorm,238,985,NaN,,104.593074845679,9.9317611882716,NaN,NaN
04-Jun-2017,33,29,26,28,26,24,94,88,66,1010,1008,1006,10,9,6,29,10,55,0,5,Rain-Thunderstorm,238,985,NaN,,104.593074845679,9.9317611882716,NaN,NaN
04-Jun-2017,33,29,26,28,26,24,94,88,66,1010,1008,1006,10,9,6,29,10,55,0,5,Rain-Thunderstorm,238,985,NaN,,104.593074845679,9.9317611882716,NaN,NaN
04-Jun-2017,33,29,26,28,26,24,94,88,66,1010,1008,1006,10,9,6,29,10,55,0,5,Rain-Thunderstorm,238,985,NaN,,104.593074845679,9.9317611882716,NaN,NaN
05-Jun-2017,31,27,24,28,26,23,94,88,75,1009,1007,1005,10,9,2,24,10,NaN,0,4,Rain-Thunderstorm,232,985,14.4,48000,106.394965277778,11.4051890432099,NaN,NaN
05-Jun-2017,31,27,24,28,26,23,94,88,75,1009,1007,1005,10,9,2,24,10,NaN,0,4,Rain-Thunderstorm,232,985,14.4,48000,106.394965277778,11.4051890432099,NaN,NaN
05-Jun-2017,31,27,24,28,26,23,94,88,75,1009,1007,1005,10,9,2,24,10,NaN,0,4,Rain-Thunderstorm,232,985,14.4,48000,106.394965277778,11.4051890432099,NaN,NaN
05-Jun-2017,31,27,24,28,26,23,94,88,75,1009,1007,1005,10,9,2,24,10,NaN,0,4,Rain-Thunderstorm,232,985,14.4,48000,106.394965277778,11.4051890432099,NaN,NaN
05-Jun-2017,31,27,24,28,26,23,94,88,75,1009,1007,1005,10,9,2,24,10,NaN,0,4,Rain-Thunderstorm,232,985,14.4,48000,106.394965277778,11.4051890432099,NaN,NaN
06-Jun-2017,32,29,26,27,25,23,94,88,62,1010,1008,1006,10,9,8,26,10,NaN,0,5,Rain,238,985,24.9,83000,340.959032425299,26.6508683664813,NaN,NaN
06-Jun-2017,32,29,26,27,25,23,94,88,62,1010,1008,1006,10,9,8,26,10,NaN,0,5,Rain,238,985,24.9,83000,340.959032425299,26.6508683664813,NaN,NaN
06-Jun-2017,32,29,26,27,25,23,94,88,62,1010,1008,1006,10,9,8,26,10,NaN,0,5,Rain,238,985,24.9,83000,340.959032425299,26.6508683664813,NaN,NaN
06-Jun-2017,32,29,26,27,25,23,94,88,62,1010,1008,1006,10,9,8,26,10,NaN,0,5,Rain,238,985,24.9,83000,340.959032425299,26.6508683664813,NaN,NaN
06-Jun-2017,32,29,26,27,25,23,94,88,62,1010,1008,1006,10,9,8,26,10,NaN,0,5,Rain,238,985,24.9,83000,414.416027687292,30.1471012982186,NaN,NaN
07-Jun-2017,33,29,25,26,24,22,94,78,55,1011,1009,1006,10,9,8,19,8,32,0,5,Rain,250,538.125,27.6,92000,178.341772762346,14.3721064814815,106.8,113.6
07-Jun-2017,33,29,25,26,24,22,94,78,55,1011,1009,1006,10,9,8,19,8,32,0,5,Rain,250,538.125,27.6,92000,178.341772762346,14.3721064814815,106.8,113.6
07-Jun-2017,33,29,25,26,24,22,94,78,55,1011,1009,1006,10,9,8,19,8,32,0,5,Rain,250,538.125,27.6,92000,178.341772762346,14.3721064814815,106.8,113.6
07-Jun-2017,33,29,25,26,24,22,94,78,55,1011,1009,1006,10,9,8,19,8,32,0,5,Rain,250,538.125,27.6,92000,178.341772762346,14.3721064814815,106.8,113.6
08-Jun-2017,32,28,25,27,26,24,94,89,62,1009,1008,1006,10,9,6,27,8,48,0,4,Rain,231,18.8333333333333,42.6,142000,146.459442515432,13.0425347222222,63,67
08-Jun-2017,32,28,25,27,26,24,94,89,62,1009,1008,1006,10,9,6,27,8,48,0,4,Rain,231,18.8333333333333,42.6,142000,146.459442515432,13.0425347222222,63,67
08-Jun-2017,32,28,25,27,26,24,94,89,62,1009,1008,1006,10,9,6,27,8,48,0,4,Rain,231,18.8333333333333,42.6,142000,146.459442515432,13.0425347222222,63,67
08-Jun-2017,32,28,25,27,26,24,94,89,62,1009,1008,1006,10,9,6,27,8,48,0,4,Rain,231,18.8333333333333,42.6,142000,146.459442515432,13.0425347222222,63,67
09-Jun-2017,34,29,25,28,25,22,94,77,52,1009,1007,1004,10,10,5,13,6,NaN,0,3,,242,21.125,38.1,127000,167.26171875,11.2375578703704,25.0666666666667,26.2666666666667
09-Jun-2017,34,29,25,28,25,22,94,77,52,1009,1007,1004,10,10,5,13,6,NaN,0,3,,242,21.125,38.1,127000,167.26171875,11.2375578703704,25.0666666666667,26.2666666666667
09-Jun-2017,34,29,25,28,25,22,94,77,52,1009,1007,1004,10,10,5,13,6,NaN,0,3,,242,21.125,38.1,127000,167.26171875,11.2375578703704,25.0666666666667,26.2666666666667
09-Jun-2017,34,29,25,28,25,22,94,77,52,1009,1007,1004,10,10,5,13,6,NaN,0,3,,242,21.125,38.1,127000,167.26171875,11.2375578703704,25.0666666666667,26.2666666666667
10-Jun-2017,31,27,24,28,26,22,94,89,70,1010,1008,1006,10,9,1,32,10,53,0,4,Rain-Thunderstorm,250,21.9166666666667,NaN,,251.770013503086,15.5700231481481,NaN,NaN
10-Jun-2017,31,27,24,28,26,22,94,89,70,1010,1008,1006,10,9,1,32,10,53,0,4,Rain-Thunderstorm,250,21.9166666666667,NaN,,251.770013503086,15.5700231481481,NaN,NaN
10-Jun-2017,31,27,24,28,26,22,94,89,70,1010,1008,1006,10,9,1,32,10,53,0,4,Rain-Thunderstorm,250,21.9166666666667,NaN,,251.770013503086,15.5700231481481,NaN,NaN
10-Jun-2017,31,27,24,28,26,22,94,89,70,1010,1008,1006,10,9,1,32,10,53,0,4,Rain-Thunderstorm,250,21.9166666666667,NaN,,251.770013503086,15.5700231481481,NaN,NaN
11-Jun-2017,33,29,25,29,25,23,94,84,59,1010,1008,1006,10,9,4,23,6,NaN,0,3,Rain,273,37.9583333333333,NaN,,255.102961033951,25.8963155864198,NaN,NaN
11-Jun-2017,33,29,25,29,25,23,94,84,59,1010,1008,1006,10,9,4,23,6,NaN,0,3,Rain,273,37.9583333333333,NaN,,255.102961033951,25.8963155864198,NaN,NaN
11-Jun-2017,33,29,25,29,25,23,94,84,59,1010,1008,1006,10,9,4,23,6,NaN,0,3,Rain,273,37.9583333333333,NaN,,255.102961033951,25.8963155864198,NaN,NaN
11-Jun-2017,33,29,25,29,25,23,94,84,59,1010,1008,1006,10,9,4,23,6,NaN,0,3,Rain,273,37.9583333333333,NaN,,255.102961033951,25.8963155864198,NaN,NaN
12-Jun-2017,35,30,26,27,24,21,94,74,46,1009,1008,1006,10,10,8,21,10,NaN,0,3,,271,33.0416666666667,47.1,157000,225.345148533951,22.7188946759259,NaN,NaN
12-Jun-2017,35,30,26,27,24,21,94,74,46,1009,1008,1006,10,10,8,21,10,NaN,0,3,,271,33.0416666666667,47.1,157000,225.345148533951,22.7188946759259,NaN,NaN
12-Jun-2017,35,30,26,27,24,21,94,74,46,1009,1008,1006,10,10,8,21,10,NaN,0,3,,271,33.0416666666667,47.1,157000,225.345148533951,22.7188946759259,NaN,NaN
12-Jun-2017,35,30,26,27,24,21,94,74,46,1009,1008,1006,10,10,8,21,10,NaN,0,3,,271,33.0416666666667,47.1,157000,225.345148533951,22.7188946759259,NaN,NaN
13-Jun-2017,33,29,26,27,26,23,94,80,59,1010,1008,1006,10,10,7,16,10,NaN,0,4,Rain-Thunderstorm,266,30.2916666666667,26.4,88000,195.495695033088,14.7874307733079,0,0
13-Jun-2017,33,29,26,27,26,23,94,80,59,1010,1008,1006,10,10,7,16,10,NaN,0,4,Rain-Thunderstorm,266,30.2916666666667,26.4,88000,1996.46290658548,154.32622977087,0,0
13-Jun-2017,33,29,26,27,26,23,94,80,59,1010,1008,1006,10,10,7,16,10,NaN,0,4,Rain-Thunderstorm,266,30.2916666666667,26.4,88000,195.495695033088,14.7874307733079,0,0
13-Jun-2017,33,29,26,27,26,23,94,80,59,1010,1008,1006,10,10,7,16,10,NaN,0,4,Rain-Thunderstorm,266,30.2916666666667,26.4,88000,195.495695033088,14.7874307733079,0,0
13-Jun-2017,33,29,26,27,26,23,94,80,59,1010,1008,1006,10,10,7,16,10,NaN,0,4,Rain-Thunderstorm,266,30.2916666666667,26.4,88000,1996.46290658548,154.32622977087,0,0
13-Jun-2017,33,29,26,27,26,23,94,80,59,1010,1008,1006,10,10,7,16,10,NaN,0,4,Rain-Thunderstorm,266,30.2916666666667,26.4,88000,195.495695033088,14.7874307733079,0,0
13-Jun-2017,33,29,26,27,26,23,94,80,59,1010,1008,1006,10,10,7,16,10,NaN,0,4,Rain-Thunderstorm,266,30.2916666666667,26.4,88000,1996.46290658548,154.32622977087,0,0
14-Jun-2017,32,29,26,28,26,24,94,87,62,1011,1009,1008,10,9,4,21,10,NaN,0,4,Rain,213,66.5416666666667,78.9,263000,163.667534722222,14.5123456790123,28.8216560509554,30.1273885350318
14-Jun-2017,32,29,26,28,26,24,94,87,62,1011,1009,1008,10,9,4,21,10,NaN,0,4,Rain,213,66.5416666666667,78.9,263000,163.667534722222,14.5123456790123,28.8216560509554,30.1273885350318
14-Jun-2017,32,29,26,28,26,24,94,87,62,1011,1009,1008,10,9,4,21,10,NaN,0,4,Rain,213,66.5416666666667,78.9,263000,163.667534722222,14.5123456790123,28.8216560509554,30.1273885350318
14-Jun-2017,32,29,26,28,26,24,94,87,62,1011,1009,1008,10,9,4,21,10,NaN,0,4,Rain,213,66.5416666666667,78.9,263000,163.667534722222,14.5123456790123,28.8216560509554,30.1273885350318
14-Jun-2017,32,29,26,28,26,24,94,87,62,1011,1009,1008,10,9,4,21,10,NaN,0,4,Rain,213,66.5416666666667,78.9,263000,163.667534722222,14.5123456790123,28.8216560509554,30.1273885350318
14-Jun-2017,32,29,26,28,26,24,94,87,62,1011,1009,1008,10,9,4,21,10,NaN,0,4,Rain,213,66.5416666666667,78.9,263000,163.667534722222,14.5123456790123,28.8216560509554,30.1273885350318
14-Jun-2017,32,29,26,28,26,24,94,87,62,1011,1009,1008,10,9,4,21,10,NaN,0,4,Rain,213,66.5416666666667,78.9,263000,163.667534722222,14.5123456790123,28.8216560509554,30.1273885350318
15-Jun-2017,34,29,25,28,24,22,94,75,49,1011,1009,1007,10,10,8,14,8,NaN,0,4,,272,22.5416666666667,NaN,,317.039233698611,21.1605526318885,28.1414790996785,29.5209003215434
15-Jun-2017,34,29,25,28,24,22,94,75,49,1011,1009,1007,10,10,8,14,8,NaN,0,4,,272,22.5416666666667,NaN,,211.343120608313,14.8366923679082,28.1414790996785,29.5209003215434
15-Jun-2017,34,29,25,28,24,22,94,75,49,1011,1009,1007,10,10,8,14,8,NaN,0,4,,272,22.5416666666667,NaN,,369.804759686397,30.334555747148,28.1414790996785,29.5209003215434
15-Jun-2017,34,29,25,28,24,22,94,75,49,1011,1009,1007,10,10,8,14,8,NaN,0,4,,272,22.5416666666667,NaN,,317.039233698611,21.1605526318885,28.1414790996785,29.5209003215434
15-Jun-2017,34,29,25,28,24,22,94,75,49,1011,1009,1007,10,10,8,14,8,NaN,0,4,,272,22.5416666666667,NaN,,317.039233698611,21.1605526318885,28.1414790996785,29.5209003215434
15-Jun-2017,34,29,25,28,24,22,94,75,49,1011,1009,1007,10,10,8,14,8,NaN,0,4,,272,22.5416666666667,NaN,,211.343120608313,14.8366923679082,28.1414790996785,29.5209003215434
15-Jun-2017,34,29,25,28,24,22,94,75,49,1011,1009,1007,10,10,8,14,8,NaN,0,4,,272,22.5416666666667,NaN,,317.039233698611,21.1605526318885,28.1414790996785,29.5209003215434
15-Jun-2017,34,29,25,28,24,22,94,75,49,1011,1009,1007,10,10,8,14,8,NaN,0,4,,272,22.5416666666667,NaN,,211.343120608313,14.8366923679082,28.1414790996785,29.5209003215434
15-Jun-2017,34,29,25,28,24,22,94,75,49,1011,1009,1007,10,10,8,14,8,NaN,0,4,,272,22.5416666666667,NaN,,369.804759686397,30.334555747148,28.1414790996785,29.5209003215434
16-Jun-2017,36,31,27,29,24,21,94,70,44,1010,1008,1005,10,9,7,13,8,NaN,0,3,,266,31,NaN,,195.873022762346,18.669849537037,36.096463022508,38.1318327974277
16-Jun-2017,36,31,27,29,24,21,94,70,44,1010,1008,1005,10,9,7,13,8,NaN,0,3,,266,31,NaN,,195.873022762346,18.669849537037,36.096463022508,38.1318327974277
16-Jun-2017,36,31,27,29,24,21,94,70,44,1010,1008,1005,10,9,7,13,8,NaN,0,3,,266,31,NaN,,195.873022762346,18.669849537037,36.096463022508,38.1318327974277
16-Jun-2017,36,31,27,29,24,21,94,70,44,1010,1008,1005,10,9,7,13,8,NaN,0,3,,266,31,NaN,,195.873022762346,18.669849537037,36.096463022508,38.1318327974277
16-Jun-2017,36,31,27,29,24,21,94,70,44,1010,1008,1005,10,9,7,13,8,NaN,0,3,,266,31,NaN,,195.873022762346,18.669849537037,36.096463022508,38.1318327974277
17-Jun-2017,34,30,27,28,26,23,94,79,55,1009,1007,1004,10,9,7,21,11,NaN,0,2,Thunderstorm,223,30.75,NaN,,182.682966820988,17.0134066358025,31.2797202797203,33.0454545454545
17-Jun-2017,34,30,27,28,26,23,94,79,55,1009,1007,1004,10,9,7,21,11,NaN,0,2,Thunderstorm,223,30.75,NaN,,182.682966820988,17.0134066358025,31.2797202797203,33.0454545454545
17-Jun-2017,34,30,27,28,26,23,94,79,55,1009,1007,1004,10,9,7,21,11,NaN,0,2,Thunderstorm,223,30.75,NaN,,182.682966820988,17.0134066358025,31.2797202797203,33.0454545454545
17-Jun-2017,34,30,27,28,26,23,94,79,55,1009,1007,1004,10,9,7,21,11,NaN,0,2,Thunderstorm,223,30.75,NaN,,182.682966820988,17.0134066358025,31.2797202797203,33.0454545454545
17-Jun-2017,34,30,27,28,26,23,94,79,55,1009,1007,1004,10,9,7,21,11,NaN,0,2,Thunderstorm,223,30.75,NaN,,182.682966820988,17.0134066358025,31.2797202797203,33.0454545454545
18-Jun-2017,33,30,27,28,26,22,94,84,52,1008,1007,1004,10,9,5,34,11,NaN,0,3,Rain-Thunderstorm,214,28.2916666666667,NaN,,170.843460648148,14.5460551697531,26.8772727272727,28.45
18-Jun-2017,33,30,27,28,26,22,94,84,52,1008,1007,1004,10,9,5,34,11,NaN,0,3,Rain-Thunderstorm,214,28.2916666666667,NaN,,170.843460648148,14.5460551697531,26.8772727272727,28.45
18-Jun-2017,33,30,27,28,26,22,94,84,52,1008,1007,1004,10,9,5,34,11,NaN,0,3,Rain-Thunderstorm,214,28.2916666666667,NaN,,170.843460648148,14.5460551697531,26.8772727272727,28.45
18-Jun-2017,33,30,27,28,26,22,94,84,52,1008,1007,1004,10,9,5,34,11,NaN,0,3,Rain-Thunderstorm,214,28.2916666666667,NaN,,170.843460648148,14.5460551697531,26.8772727272727,28.45
18-Jun-2017,33,30,27,28,26,22,94,84,52,1008,1007,1004,10,9,5,34,11,NaN,0,3,Rain-Thunderstorm,214,28.2916666666667,NaN,,170.843460648148,14.5460551697531,26.8772727272727,28.45
19-Jun-2017,34,30,26,28,24,22,94,74,49,1009,1007,1004,10,10,10,19,11,NaN,0,2,,258,26.3333333333333,NaN,,151.882233796296,15.489631558642,30.5126353790614,32.1083032490975
19-Jun-2017,34,30,26,28,24,22,94,74,49,1009,1007,1004,10,10,10,19,11,NaN,0,2,,258,26.3333333333333,NaN,,151.882233796296,15.489631558642,30.5126353790614,32.1083032490975
19-Jun-2017,34,30,26,28,24,22,94,74,49,1009,1007,1004,10,10,10,19,11,NaN,0,2,,258,26.3333333333333,NaN,,151.882233796296,15.489631558642,30.5126353790614,32.1083032490975
19-Jun-2017,34,30,26,28,24,22,94,74,49,1009,1007,1004,10,10,10,19,11,NaN,0,2,,258,26.3333333333333,NaN,,151.882233796296,15.489631558642,30.5126353790614,32.1083032490975
19-Jun-2017,34,30,26,28,24,22,94,74,49,1009,1007,1004,10,10,10,19,11,NaN,0,2,,258,26.3333333333333,NaN,,151.882233796296,15.489631558642,30.5126353790614,32.1083032490975
20-Jun-2017,34,30,27,28,25,21,94,76,49,1009,1007,1005,10,10,8,23,14,NaN,0,3,,248,24.5,NaN,,161.776427469136,12.9609857253086,21.3107344632768,22.3107344632768
20-Jun-2017,34,30,27,28,25,21,94,76,49,1009,1007,1005,10,10,8,23,14,NaN,0,3,,248,24.5,NaN,,161.776427469136,12.9609857253086,21.3107344632768,22.3107344632768
20-Jun-2017,34,30,27,28,25,21,94,76,49,1009,1007,1005,10,10,8,23,14,NaN,0,3,,248,24.5,NaN,,161.776427469136,12.9609857253086,21.3107344632768,22.3107344632768
20-Jun-2017,34,30,27,28,25,21,94,76,49,1009,1007,1005,10,10,8,23,14,NaN,0,3,,248,24.5,NaN,,161.776427469136,12.9609857253086,21.3107344632768,22.3107344632768
20-Jun-2017,34,30,27,28,25,21,94,76,49,1009,1007,1005,10,10,8,23,14,NaN,0,3,,248,24.5,NaN,,161.776427469136,12.9609857253086,21.3107344632768,22.3107344632768
21-Jun-2017,34,29,25,28,25,21,94,84,55,1010,1007,1004,10,9,1,23,10,45,0,4,Rain-Thunderstorm,265,30.2083333333333,NaN,,187.811969521605,9.95476466049383,26.6566037735849,27.9811320754717
21-Jun-2017,34,29,25,28,25,21,94,84,55,1010,1007,1004,10,9,1,23,10,45,0,4,Rain-Thunderstorm,265,30.2083333333333,NaN,,187.811969521605,9.95476466049383,26.6566037735849,27.9811320754717
21-Jun-2017,34,29,25,28,25,21,94,84,55,1010,1007,1004,10,9,1,23,10,45,0,4,Rain-Thunderstorm,265,30.2083333333333,NaN,,187.811969521605,9.95476466049383,26.6566037735849,27.9811320754717
21-Jun-2017,34,29,25,28,25,21,94,84,55,1010,1007,1004,10,9,1,23,10,45,0,4,Rain-Thunderstorm,265,30.2083333333333,NaN,,187.811969521605,9.95476466049383,26.6566037735849,27.9811320754717
21-Jun-2017,34,29,25,28,25,21,94,84,55,1010,1007,1004,10,9,1,23,10,45,0,4,Rain-Thunderstorm,265,30.2083333333333,NaN,,187.811969521605,9.95476466049383,26.6566037735849,27.9811320754717
22-Jun-2017,32,28,25,28,25,23,94,88,62,1009,1007,1005,10,8,3,32,6,29,0,4,Rain,284,40.2916666666667,NaN,,173.584812996215,9.72663275318958,40.5503597122302,42.3381294964029
22-Jun-2017,32,28,25,28,25,23,94,88,62,1009,1007,1005,10,8,3,32,6,29,0,4,Rain,284,40.2916666666667,NaN,,124.238668477425,7.45858525482222,40.5503597122302,42.3381294964029
22-Jun-2017,32,28,25,28,25,23,94,88,62,1009,1007,1005,10,8,3,32,6,29,0,4,Rain,284,40.2916666666667,NaN,,286.933545167632,20.9492057747339,40.5503597122302,42.3381294964029
22-Jun-2017,32,28,25,28,25,23,94,88,62,1009,1007,1005,10,8,3,32,6,29,0,4,Rain,284,40.2916666666667,NaN,,173.584812996215,9.72663275318958,40.5503597122302,42.3381294964029
22-Jun-2017,32,28,25,28,25,23,94,88,62,1009,1007,1005,10,8,3,32,6,29,0,4,Rain,284,40.2916666666667,NaN,,173.584812996215,9.72663275318958,40.5503597122302,42.3381294964029
22-Jun-2017,32,28,25,28,25,23,94,88,62,1009,1007,1005,10,8,3,32,6,29,0,4,Rain,284,40.2916666666667,NaN,,124.238668477425,7.45858525482222,40.5503597122302,42.3381294964029
23-Jun-2017,31,28,25,27,25,23,94,88,66,1008,1007,1004,10,9,6,26,6,NaN,0,4,Rain,289,29.0833333333333,NaN,,119.161651234568,8.36260609567901,27.1182266009852,28.0985221674877
23-Jun-2017,31,28,25,27,25,23,94,88,66,1008,1007,1004,10,9,6,26,6,NaN,0,4,Rain,289,29.0833333333333,NaN,,119.161651234568,8.36260609567901,27.1182266009852,28.0985221674877
23-Jun-2017,31,28,25,27,25,23,94,88,66,1008,1007,1004,10,9,6,26,6,NaN,0,4,Rain,289,29.0833333333333,NaN,,119.161651234568,8.36260609567901,27.1182266009852,28.0985221674877
24-Jun-2017,33,29,25,26,24,22,94,80,55,1009,1006,1003,10,9,5,19,6,NaN,0,4,Rain-Thunderstorm,254,25.4583333333333,NaN,,466.69596001666,29.57309454394,14.3333333333333,14.4408602150538
24-Jun-2017,33,29,25,26,24,22,94,80,55,1009,1006,1003,10,9,5,19,6,NaN,0,4,Rain-Thunderstorm,254,25.4583333333333,NaN,,466.69596001666,29.57309454394,14.3333333333333,14.4408602150538
24-Jun-2017,33,29,25,26,24,22,94,80,55,1009,1006,1003,10,9,5,19,6,NaN,0,4,Rain-Thunderstorm,254,25.4583333333333,NaN,,466.69596001666,29.57309454394,14.3333333333333,14.4408602150538
25-Jun-2017,31,28,25,27,24,22,94,84,62,1009,1007,1005,10,9,6,24,10,NaN,0,4,,263,18.0416666666667,NaN,,NaN,NaN,15.9484536082474,16.3041237113402
26-Jun-2017,33,29,25,28,24,2,94,87,14,1009,1007,1005,10,9,1,21,8,NaN,0,2,Rain,264,24.9166666666667,NaN,,NaN,NaN,21.5245901639344,22.5081967213115
27-Jun-2017,33,29,25,27,25,21,94,85,49,1009,1008,1005,10,9,0,21,5,45,0,3,Rain-Thunderstorm,213,31.9166666666667,NaN,,NaN,NaN,20.198606271777,20.780487804878
28-Jun-2017,33,30,27,28,26,23,94,84,59,1010,1008,1006,10,10,8,21,10,NaN,0,3,,191,57.5,NaN,,NaN,NaN,11.7357142857143,11.5571428571429
29-Jun-2017,34,29,25,27,25,22,94,80,52,1010,1008,1005,10,10,8,24,8,NaN,0,3,Rain,208,17.75,NaN,,NaN,NaN,12.4330985915493,12.4507042253521
30-Jun-2017,34,29,25,27,24,21,94,81,49,1009,1008,1005,10,9,5,23,10,NaN,0,3,Rain,221,20.8333333333333,NaN,,197900,12200,16.1672862453532,16.7546468401487
30-Jun-2017,34,29,25,27,24,21,94,81,49,1009,1008,1005,10,9,5,23,10,NaN,0,3,Rain,221,20.8333333333333,NaN,,208.225440389947,17.2726467447773,16.1672862453532,16.7546468401487
01-Jul-2017,34,29,24,28,24,21,94,78,49,1010,1008,1005,10,9,7,29,8,58,0,4,Rain-Thunderstorm,223,25.5416666666667,NaN,,151.530478395062,7.05748456790123,21.3356643356643,22.2657342657343
02-Jul-2017,33,29,25,28,25,23,94,81,55,1010,1008,1005,10,9,8,16,8,NaN,0,4,Rain,276,23,NaN,,130.010030864198,10.4709201388889,27.1879432624113,28.3297872340426
03-Jul-2017,34,29,25,26,24,22,94,80,52,1010,1008,1005,10,10,8,21,8,NaN,0,3,Rain,279,25.625,NaN,,152.014033564815,12.713493441358,20.0664206642066,20.9594095940959
04-Jul-2017,34,29,24,28,24,22,94,80,49,1010,1008,1005,10,9,4,16,11,NaN,0,4,Rain-Thunderstorm,265,24.4583333333333,NaN,,159.294367283951,9.95953896604938,22.5017543859649,23.5017543859649
05-Jul-2017,32,28,25,27,24,23,94,86,59,1010,1009,1007,10,9,5,16,5,42,0,4,Rain-Thunderstorm,254,36.2083333333333,NaN,,173.313078703704,11.3848861882716,28.5961538461538,29.8692307692308
05-Jul-2017,32,28,25,27,24,23,94,86,59,1010,1009,1007,10,9,5,16,5,42,0,4,Rain-Thunderstorm,254,36.2083333333333,NaN,,305.264242830271,20.3661235509518,28.5961538461538,29.8692307692308
06-Jul-2017,32,28,25,27,25,22,94,87,62,1010,1009,1007,10,9,4,23,8,NaN,0,4,Rain,251,31.9166666666667,NaN,,169.749035493827,12.485725308642,30.4362139917695,31.6337448559671
06-Jul-2017,32,28,25,27,25,22,94,87,62,1010,1009,1007,10,9,4,23,8,NaN,0,4,Rain,251,31.9166666666667,NaN,,169.749035493827,12.485725308642,30.4362139917695,31.6337448559671
07-Jul-2017,32,28,25,27,25,21,94,86,52,1012,1009,1007,10,9,6,29,6,NaN,0,4,Rain-Thunderstorm,238,38.3333333333333,NaN,,370.171999346543,21.6577075570284,31.3963414634146,32.6768292682927
07-Jul-2017,32,28,25,27,25,21,94,86,52,1012,1009,1007,10,9,6,29,6,NaN,0,4,Rain-Thunderstorm,238,38.3333333333333,NaN,,179.829530887638,10.4395483652633,31.3963414634146,32.6768292682927
08-Jul-2017,33,29,25,27,24,22,94,76,52,1011,1009,1006,10,10,8,21,6,NaN,0,3,,256,28.375,NaN,,138.887249228395,11.8769772376543,21.2429906542056,22.1822429906542
09-Jul-2017,34,30,26,28,24,19,94,75,43,1011,1009,1006,10,10,8,16,10,NaN,0,3,Rain-Thunderstorm,270,23.5,NaN,,147.926890432099,11.5945216049383,22.42,23.52
10-Jul-2017,34,30,26,27,24,21,94,75,49,1010,1008,1005,10,9,6,21,8,NaN,0,4,Rain,271,22.9583333333333,NaN,,134.106336805556,8.70317322530864,21.3272727272727,22.2109090909091
11-Jul-2017,33,29,25,27,24,22,94,80,55,1010,1007,1005,10,10,8,21,8,NaN,0,4,,273,24.375,NaN,,121.937789351852,12.1787229938272,24.3620071684588,25.426523297491
12-Jul-2017,31,29,27,28,25,22,94,82,58,1010,1008,1006,10,9,6,23,13,NaN,0,4,Rain,241,20.5416666666667,NaN,,154.600694444444,13.629581404321,16.3243243243243,16.8828828828829
12-Jul-2017,31,29,27,28,25,22,94,82,58,1010,1008,1006,10,9,6,23,13,NaN,0,4,Rain,241,20.5416666666667,NaN,,411.068356722499,33.985966500679,16.3243243243243,16.8828828828829
13-Jul-2017,31,27,24,26,24,22,94,81,62,1010,1008,1005,10,10,6,24,13,40,0,5,Rain-Thunderstorm,267,59.375,NaN,,136.05256558642,13.3784239969136,NaN,NaN
13-Jul-2017,31,27,24,26,24,22,94,81,62,1010,1008,1005,10,10,6,24,13,40,0,5,Rain-Thunderstorm,267,59.375,NaN,,136.05256558642,13.3784239969136,NaN,NaN
14-Jul-2017,32,28,24,27,23,20,94,77,52,1009,1008,1005,10,10,7,29,13,NaN,0,5,Rain,261,19.7083333333333,NaN,,291.770737240076,39.7117580340265,NaN,NaN
14-Jul-2017,32,28,24,27,23,20,94,77,52,1009,1008,1005,10,10,7,29,13,NaN,0,5,Rain,261,19.7083333333333,NaN,,125.9205542053,16.1022697472996,NaN,NaN
15-Jul-2017,32,28,25,26,24,21,94,80,55,1008,1007,1004,10,10,8,35,21,47,0,5,,262,17.125,NaN,,157.631462191358,18.26171875,NaN,NaN
16-Jul-2017,31,28,25,27,25,24,94,90,70,1008,1005,1003,10,9,5,29,16,NaN,0,4,Rain-Thunderstorm,245,20.125,NaN,,150.560281635802,15.4861111111111,NaN,NaN
17-Jul-2017,31,27,24,26,24,23,94,90,66,1010,1007,1004,10,9,4,29,11,NaN,0,6,Rain-Thunderstorm,252,22.2083333333333,NaN,,460.395464790656,24.0612833822826,NaN,NaN
17-Jul-2017,31,27,24,26,24,23,94,90,66,1010,1007,1004,10,9,4,29,11,NaN,0,6,Rain-Thunderstorm,252,22.2083333333333,NaN,,216.258777006173,14.3722511574074,NaN,NaN
18-Jul-2017,33,28,24,27,24,23,94,87,59,1012,1009,1008,10,8,2,26,6,NaN,0,6,Rain,249,43,NaN,,220.779996141975,13.4118923611111,NaN,NaN
18-Jul-2017,33,28,24,27,24,23,94,87,59,1012,1009,1008,10,8,2,26,6,NaN,0,6,Rain,249,43,NaN,,220.779996141975,13.4118923611111,NaN,NaN
19-Jul-2017,32,28,24,27,24,23,94,88,62,1011,1008,1005,10,8,1,23,6,39,0,5,Rain-Thunderstorm,289,33.75,NaN,,193.871576003086,11.4464699074074,NaN,NaN
19-Jul-2017,32,28,24,27,24,23,94,88,62,1011,1008,1005,10,8,1,23,6,39,0,5,Rain-Thunderstorm,289,33.75,NaN,,193.871576003086,11.4464699074074,NaN,NaN
20-Jul-2017,32,28,24,27,24,23,94,91,66,1010,1007,1005,10,8,3,26,6,NaN,0,6,Rain-Thunderstorm,257,34.7916666666667,NaN,,168.869936342593,15.3993055555556,NaN,NaN
20-Jul-2017,32,28,24,27,24,23,94,91,66,1010,1007,1005,10,8,3,26,6,NaN,0,6,Rain-Thunderstorm,257,34.7916666666667,NaN,,168.869936342593,15.3993055555556,NaN,NaN
21-Jul-2017,30,27,24,27,24,22,94,84,62,1011,1008,1006,10,10,6,16,10,NaN,0,5,,261,27,NaN,,196.214694976611,19.0537860619477,NaN,NaN
21-Jul-2017,30,27,24,27,24,22,94,84,62,1011,1008,1006,10,10,6,16,10,NaN,0,5,,261,27,NaN,,486.948267679165,45.7983355592102,NaN,NaN
22-Jul-2017,32,28,25,27,25,23,94,83,59,1010,1009,1006,10,10,8,26,13,48,0,3,Rain,251,26.0833333333333,NaN,,184.68465470679,16.7225597993827,NaN,NaN
23-Jul-2017,32,28,25,28,25,23,94,84,59,1010,1008,1005,10,9,4,26,13,NaN,0,3,Rain,263,25.5,NaN,,209.756413966049,22.4208622685185,NaN,NaN
24-Jul-2017,31,28,26,29,26,23,94,87,66,1008,1006,1004,10,9,5,34,14,NaN,0,5,Rain,256,30.125,NaN,,125.960648148148,15.7352912808642,NaN,NaN
25-Jul-2017,29,27,25,27,26,24,94,92,89,1006,1005,1003,10,9,3,34,18,NaN,0,5,Rain,247,19.5,NaN,,102.961709104938,10.0461033950617,NaN,NaN
26-Jul-2017,31,27,24,28,24,23,94,89,66,1008,1005,1003,10,9,5,34,18,NaN,0,6,Rain,249,20.0416666666667,NaN,,232.198510504726,24.1617289153,NaN,NaN
27-Jul-2017,31,27,24,28,25,23,94,88,66,1008,1006,1004,10,9,2,35,18,39,0,5,Rain,241,94.5833333333333,NaN,,NaN,NaN,NaN,NaN
28-Jul-2017,32,29,26,28,26,24,94,88,70,1009,1008,1006,10,10,8,29,18,NaN,0,4,Rain-Thunderstorm,238,15.2916666666667,NaN,,420.760074329035,51.2857724256946,NaN,NaN
29-Jul-2017,33,30,27,29,26,24,94,85,63,1009,1007,1005,10,9,6,32,18,52,0,4,Rain,246,20.75,NaN,,175.518325617284,22.5050636574074,NaN,NaN
30-Jul-2017,33,29,26,29,27,25,94,86,63,1008,1006,1004,10,10,6,37,19,39,0,4,Rain,241,21.7916666666667,NaN,,164.511236496914,20.5414255401235,NaN,NaN
31-Jul-2017,33,30,27,29,26,25,94,90,66,1008,1007,1005,10,9,7,29,16,50,0,4,Rain,243,20.6666666666667,NaN,,147.375916280864,16.5359278549383,NaN,NaN
01-Aug-2017,33,30,26,29,27,25,94,87,66,1010,1008,1006,10,10,7,32,18,29,0,4,Rain,244,NaN,NaN,,153.366753472222,16.4552951388889,NaN,NaN
02-Aug-2017,33,29,25,29,26,24,94,88,66,1009,1007,1005,10,9,1,29,14,53,0,5,Rain,237,NaN,NaN,,160.831018518519,18.609375,NaN,NaN
03-Aug-2017,32,29,27,30,27,25,100,90,75,1008,1006,1003,10,9,5,35,16,58,0,4,Rain,237,NaN,NaN,,149.697675540123,16.100887345679,NaN,NaN
04-Aug-2017,32,29,26,30,25,23,100,86,59,1008,1006,1004,10,9,2,26,14,53,0,4,Rain,232,NaN,NaN,,163.511525848765,10.8670428240741,NaN,NaN
05-Aug-2017,28,27,25,24,23,22,89,85,74,1010,1007,1005,10,9,3,21,10,NaN,0,5,Rain,224,NaN,NaN,,170.822337962963,10.6862461419753,NaN,NaN
05-Aug-2017,28,27,25,24,23,22,89,85,74,1010,1007,1005,10,9,3,21,10,NaN,0,5,Rain,224,NaN,NaN,,1240.33602120348,87.9472608431976,NaN,NaN
06-Aug-2017,33,29,25,26,24,23,100,83,59,1010,1008,1006,10,9,5,23,5,NaN,0,4,Rain,216,NaN,NaN,,760.105400657628,35.6853294896626,NaN,NaN
06-Aug-2017,33,29,25,26,24,23,100,83,59,1010,1008,1006,10,9,5,23,5,NaN,0,4,Rain,216,NaN,NaN,,224.759578876636,13.4906368467805,NaN,NaN
07-Aug-2017,34,29,25,26,24,22,100,75,49,1010,1009,1006,10,9,5,16,8,NaN,0,5,,269,NaN,NaN,,161.840036651235,11.6057581018519,NaN,NaN
08-Aug-2017,34,30,27,26,25,23,94,79,59,1010,1009,1006,10,9,4,26,10,NaN,0,3,Rain-Thunderstorm,240,NaN,NaN,,124.479938271605,8.4705825617284,NaN,NaN
09-Aug-2017,34,29,25,26,24,22,94,81,52,1011,1009,1007,10,8,1,16,8,37,0,5,Rain-Thunderstorm,244,NaN,46.5,155000,137.821711033951,10.4893904320988,NaN,NaN
10-Aug-2017,34,29,24,26,24,23,94,83,63,1010,1008,1006,10,9,5,26,5,NaN,0,5,Rain-Thunderstorm,226,NaN,192.3,641000,154.331452546296,9.52657214506173,NaN,NaN
11-Aug-2017,33,29,26,26,25,23,94,82,62,1010,1008,1005,10,9,4,24,6,NaN,0,3,Rain,233,NaN,144,480000,192.518180941358,11.2934510030864,NaN,NaN
12-Aug-2017,34,30,26,27,25,23,94,81,63,1010,1008,1005,10,9,1,29,5,NaN,0,4,Rain-Thunderstorm,226,NaN,NaN,,204.347222693846,11.0857500564718,NaN,NaN
12-Aug-2017,34,30,26,27,25,23,94,81,63,1010,1008,1005,10,9,1,29,5,NaN,0,4,Rain-Thunderstorm,226,NaN,NaN,,141.654947916667,7.38493441358025,NaN,NaN
13-Aug-2017,35,30,26,26,24,23,94,78,52,1010,1009,1006,10,10,5,27,6,NaN,0,4,Rain,226,NaN,NaN,,101.507426697531,7.19627700617284,NaN,NaN
13-Aug-2017,35,30,26,26,24,23,94,78,52,1010,1009,1006,10,10,5,27,6,NaN,0,4,Rain,226,NaN,NaN,,101.507426697531,7.19627700617284,NaN,NaN
14-Aug-2017,33,29,26,27,24,23,94,82,59,1010,1009,1006,10,9,2,23,6,NaN,0,4,Rain-Thunderstorm,221,NaN,270.9,903000,75.1448044962278,7.70544023448049,NaN,NaN
14-Aug-2017,33,29,26,27,24,23,94,82,59,1010,1009,1006,10,9,2,23,6,NaN,0,4,Rain-Thunderstorm,221,NaN,270.9,903000,104.338049929098,11.3975157997934,NaN,NaN
15-Aug-2017,33,29,26,26,25,24,94,85,62,1010,1008,1005,10,9,8,23,10,NaN,0,4,Rain,221,NaN,24.9,83000,107.540605709877,10.0359760802469,NaN,NaN
16-Aug-2017,32,29,26,26,24,24,94,83,66,1009,1007,1004,10,10,8,16,10,NaN,0,5,Rain,248,NaN,12.9,43000,169.314911265432,11.489631558642,NaN,NaN
17-Aug-2017,30,28,25,25,24,23,94,84,70,1008,1006,1004,10,9,7,21,11,NaN,0,5,Rain,245,NaN,18.3,61000,145.60865162037,8.71223958333333,NaN,NaN
17-Aug-2017,30,28,25,25,24,23,94,84,70,1008,1006,1004,10,9,7,21,11,NaN,0,5,Rain,245,NaN,18.3,61000,181.170889167321,12.6842362335153,NaN,NaN
18-Aug-2017,30,27,24,25,24,23,100,87,66,1009,1007,1005,10,9,7,24,11,45,0,5,Rain,273,NaN,21.3,71000,195.336853780864,13.3145736882716,NaN,NaN
18-Aug-2017,30,27,24,25,24,23,100,87,66,1009,1007,1005,10,9,7,24,11,45,0,5,Rain,273,NaN,21.3,71000,195.336853780864,13.3145736882716,NaN,NaN
19-Aug-2017,33,28,24,25,24,23,100,82,59,1009,1007,1005,10,9,8,21,5,NaN,0,4,,252,NaN,NaN,,136.228202160494,10.6040219907407,NaN,NaN
19-Aug-2017,33,28,24,25,24,23,100,82,59,1009,1007,1005,10,9,8,21,5,NaN,0,4,,252,NaN,NaN,,136.228202160494,10.6040219907407,NaN,NaN
20-Aug-2017,33,29,25,25,24,24,94,81,62,1009,1007,1004,10,10,8,27,11,NaN,0,4,,244,NaN,NaN,,155.289400077161,11.3396990740741,NaN,NaN
20-Aug-2017,33,29,25,25,24,24,94,81,62,1009,1007,1004,10,10,8,27,11,NaN,0,4,,244,NaN,NaN,,155.289400077161,11.3396990740741,NaN,NaN
21-Aug-2017,33,29,25,25,24,22,94,79,55,1008,1006,1003,10,10,8,21,10,NaN,0,3,,264,NaN,35.4,118000,533.376905943361,45.5568837557297,NaN,NaN
21-Aug-2017,33,29,25,25,24,22,94,79,55,1008,1006,1003,10,10,8,21,10,NaN,0,3,,264,NaN,35.4,118000,533.376905943361,45.5568837557297,NaN,NaN
22-Aug-2017,34,29,24,26,24,23,100,82,55,1008,1006,1003,10,9,1,26,14,NaN,0,4,Rain-Thunderstorm,264,NaN,42.6,142000,189.116652944149,18.959271672788,NaN,NaN
23-Aug-2017,32,29,26,26,25,24,100,89,70,1008,1006,1005,10,9,4,37,13,NaN,0,6,Rain,232,NaN,55.5,185000,143.855372299383,12.3088831018519,NaN,NaN
24-Aug-2017,33,28,24,25,24,23,100,80,59,1009,1007,1004,10,9,2,21,11,NaN,0,4,Rain,248,NaN,84.9,283000,157.501446759259,10.3569155092593,NaN,NaN
25-Aug-2017,33,28,24,26,25,23,100,82,55,1008,1006,1003,10,9,1,32,13,40,0,4,Rain-Thunderstorm,258,NaN,70.8,236000,114.123794367284,6.26509452160494,NaN,NaN
26-Aug-2017,32,27,23,26,24,23,100,87,62,1007,1005,1002,10,9,3,23,6,NaN,0,4,Rain-Thunderstorm,272,NaN,NaN,,71.2473958333333,8.20529513888889,NaN,NaN
26-Aug-2017,32,27,23,26,24,23,100,87,62,1007,1005,1002,10,9,3,23,6,NaN,0,4,Rain-Thunderstorm,272,NaN,NaN,,122.663203097188,14.1135357333571,NaN,NaN
27-Aug-2017,32,28,25,25,24,23,100,82,62,1008,1005,1003,10,9,8,26,14,NaN,0,4,Rain,232,NaN,NaN,,561.314891895017,38.3909989594173,NaN,NaN
27-Aug-2017,32,28,25,25,24,23,100,82,62,1008,1005,1003,10,9,8,26,14,NaN,0,4,Rain,232,NaN,NaN,,561.314891895017,38.3909989594173,NaN,NaN
28-Aug-2017,33,29,26,25,24,23,89,79,55,1009,1007,1005,10,9,8,21,11,NaN,0,4,Rain-Thunderstorm,223,NaN,10.2894,34298,NaN,NaN,NaN,NaN
29-Aug-2017,33,29,25,25,24,23,94,75,55,1009,1008,1006,10,10,8,14,8,NaN,0,4,,265,NaN,19.8885,66295,NaN,NaN,NaN,NaN
30-Aug-2017,33,29,25,26,24,23,94,81,59,1011,1008,1005,10,8,4,23,6,35,0,4,Rain-Thunderstorm,241,NaN,0.0498189,166.063,591.8936,30.1524,NaN,NaN
31-Aug-2017,34,29,25,26,24,23,100,77,55,1010,1008,1005,10,8,5,16,6,NaN,0,3,,288,NaN,223.5,745000,174.494020061728,10.6785300925926,NaN,NaN
01-Sep-2017,32,28,25,27,25,23,94,84,70,1010,1008,1006,10,9,6,21,8,NaN,0,4,Rain-Thunderstorm,251,NaN,89.7,299000,139.461130401235,8.18214699074074,NaN,NaN
02-Sep-2017,34,30,26,26,25,24,94,79,56,1009,1008,1005,10,9,4,21,6,50,0,5,,272,NaN,NaN,,132.08024691358,7.49840856481481,NaN,NaN
03-Sep-2017,34,30,27,27,25,22,94,76,49,1009,1007,1005,10,9,7,21,10,NaN,0,3,Thunderstorm,231,NaN,NaN,,131.715663580247,7.07725694444444,NaN,NaN
04-Sep-2017,35,30,26,27,25,24,94,79,53,1010,1008,1005,10,10,6,19,13,NaN,0,4,Rain-Thunderstorm,237,NaN,26.7,89000,130.57740162037,7.50250771604938,NaN,NaN
05-Sep-2017,35,30,27,26,25,23,94,80,49,1010,1009,1007,10,10,8,13,8,45,0,3,,238,NaN,23.4,78000,130.802662037037,8.48982445987654,NaN,NaN
06-Sep-2017,NaN,NaN,NaN,NaN,NaN,NaN,NaN,NaN,NaN,NaN,NaN,NaN,NaN,NaN,NaN,NaN,NaN,NaN,NaN,NaN,,NaN,NaN,50.1,167000,133.084828317901,7.50516010802469,NaN,NaN
07-Sep-2017,NaN,NaN,NaN,NaN,NaN,NaN,NaN,NaN,NaN,NaN,NaN,NaN,NaN,NaN,NaN,NaN,NaN,NaN,NaN,NaN,,NaN,NaN,55.8,186000,256.476342857143,12.1486367346939,NaN,NaN
08-Sep-2017,NaN,NaN,NaN,NaN,NaN,NaN,NaN,NaN,NaN,NaN,NaN,NaN,NaN,NaN,NaN,NaN,NaN,NaN,NaN,NaN,,NaN,NaN,123,410000,NaN,NaN,NaN,NaN
25-Sep-2017,NaN,NaN,NaN,NaN,NaN,NaN,NaN,NaN,NaN,NaN,NaN,NaN,NaN,NaN,NaN,NaN,NaN,NaN,NaN,NaN,,NaN,NaN,NaN,,0,0,NaN,NaN
