date,type,maxpressurem,maxdewptm,maxpressurei,maxdewpti,maxwspdm,mindewptm,maxwspdi,meanwindspdi,meanwindspdm,meandewptm,mindewpti,mintempi,meandewpti,mintempm,minhumidity,meanwdird,meanwdire,maxhumidity,maxtempm,minpressurei,maxtempi,minpressurem,humidity,precipi,precipm,meantempi,meantempm,
20160101,daily,1017.2,22.9,30.04,73.2,12.9,17.8,8.0,3.3,5.4,19.8,64.0,73.9,67.6,23.3,40,NaN,NNE,77,34.1,29.91,93.4,1012.8,63,0.00,0.0,83.7,28.7,
20160102,daily,1016.5,23.8,30.02,74.8,11.3,19.8,7.0,2.8,4.5,21.3,67.6,74.1,70.4,23.4,47,NaN,SSW,82,33.4,29.89,92.1,1012.1,68,0.00,0.0,83.1,28.4,
20160103,daily,1015.8,25.6,30.00,78.0,16.1,22.6,10.0,2.9,4.7,23.7,72.7,77.7,74.7,25.4,54,NaN,SSE,89,33.6,29.87,92.5,1011.4,78,0.09,2.3,85.1,29.5,
20160104,daily,1016.1,23.9,30.01,75.0,14.5,21.8,9.0,4.5,7.3,22.6,71.3,78.1,72.6,25.6,54,NaN,SE,84,33.1,29.88,91.6,1011.7,73,0.00,0.0,84.8,29.4,
20160105,daily,1015.8,23.6,30.00,74.5,14.5,21.7,9.0,5.0,8.1,22.6,71.0,77.5,72.7,25.3,55,NaN,SE,87,32.7,29.84,90.9,1010.4,74,0.00,0.0,84.2,29.0,
20160106,daily,1016.1,23.6,30.01,74.5,14.5,21.9,9.0,4.8,7.6,22.8,71.4,77.5,73.1,25.3,57,NaN,SSE,88,32.4,29.86,90.3,1011.1,75,0.00,0.0,83.9,28.8,
20160107,daily,1017.2,23.7,30.04,74.7,14.5,20.4,9.0,4.8,7.7,22.5,68.8,76.6,72.5,24.8,47,NaN,ESE,88,33.6,29.89,92.5,1012.1,73,0.00,0.0,84.6,29.2,
20160108,daily,1016.1,23.5,30.01,74.3,16.1,21.6,10.0,4.5,7.2,22.5,70.9,76.6,72.5,24.8,51,NaN,ESE,88,33.7,29.87,92.7,1011.4,73,0.00,0.0,84.6,29.2,
20160109,daily,1015.5,22.9,29.99,73.2,17.7,20.6,11.0,5.3,8.5,21.8,69.1,75.7,71.3,24.3,50,NaN,SE,89,32.7,29.85,90.9,1010.7,71,0.00,0.0,83.3,28.5,
20160110,daily,1015.1,22.7,29.98,72.8,16.1,20.9,10.0,4.8,7.8,21.9,69.7,76.3,71.4,24.6,50,NaN,SE,86,33.3,29.84,91.9,1010.4,71,0.00,0.0,84.1,28.9,
20160111,daily,1015.1,23.6,29.98,74.4,12.9,21.1,8.0,3.3,5.3,22.4,70.0,76.8,72.4,24.9,50,NaN,SSE,88,33.5,29.86,92.3,1011.1,73,0.00,0.0,84.6,29.2,
20160112,daily,1014.8,24.6,29.97,76.2,14.5,21.4,9.0,4.5,7.2,23.0,70.5,76.5,73.5,24.7,56,NaN,SE,90,33.0,29.84,91.4,1010.4,77,0.00,0.0,83.9,28.9,
20160113,daily,1014.1,23.2,29.95,73.7,19.3,20.6,12.0,5.0,8.0,21.8,69.0,76.3,71.2,24.6,46,NaN,ESE,85,34.1,29.81,93.4,1009.4,69,0.00,0.0,84.9,29.4,
20160114,daily,1014.1,23.9,29.95,75.0,16.1,20.4,10.0,5.4,8.8,22.0,68.8,76.8,71.7,24.9,46,NaN,SE,84,34.1,29.82,93.4,1009.7,69,0.00,0.0,85.1,29.5,
20160115,daily,1012.4,23.8,29.90,74.9,17.7,21.8,11.0,5.9,9.6,23.0,71.3,77.4,73.5,25.2,53,NaN,SE,88,33.1,29.77,91.6,1008.0,75,0.00,0.0,84.5,29.2,
20160116,daily,1012.8,24.6,29.91,76.2,17.7,23.3,11.0,4.8,7.7,23.9,73.9,77.4,75.1,25.2,60,NaN,SSE,92,32.5,29.76,90.5,1007.7,81,0.00,0.0,83.9,28.9,
20160117,daily,1012.4,24.7,29.90,76.4,12.9,22.1,8.0,4.2,6.7,23.7,71.7,76.6,74.7,24.8,58,NaN,SSE,94,31.6,29.78,88.9,1008.4,81,0.00,0.0,82.8,28.2,
20160118,daily,1013.1,24.9,29.92,76.8,16.1,23.2,10.0,4.2,6.8,24.0,73.7,76.8,75.1,24.9,57,NaN,SSE,94,33.3,29.78,91.9,1008.4,81,0.00,0.0,84.4,29.1,
20160119,daily,1013.4,23.8,29.93,74.9,20.9,22.6,13.0,6.6,10.6,23.3,72.6,78.1,73.9,25.6,55,NaN,SE,88,33.2,29.81,91.8,1009.4,74,0.00,0.0,84.9,29.4,
20160120,daily,1016.5,23.2,30.02,73.7,20.9,20.5,13.0,5.8,9.3,22.2,68.9,77.7,72.0,25.4,44,NaN,SE,84,34.9,29.83,94.8,1010.0,68,0.00,0.0,86.2,30.1,
20160121,daily,1015.8,22.5,30.00,72.5,16.1,18.0,10.0,5.1,8.2,20.9,64.4,77.0,69.6,25.0,39,NaN,SE,83,34.8,29.84,94.6,1010.4,65,0.00,0.0,85.8,29.9,
20160122,daily,1015.8,22.7,30.00,72.9,16.1,20.2,10.0,4.5,7.3,21.9,68.4,76.5,71.4,24.7,44,NaN,SE,85,34.6,29.86,94.3,1011.1,68,0.00,0.0,85.4,29.7,
20160123,daily,1015.8,24.4,30.00,76.0,16.1,21.2,10.0,4.7,7.6,22.8,70.1,77.4,73.0,25.2,48,NaN,SE,85,33.8,29.86,92.8,1011.1,72,0.00,0.0,85.1,29.5,
20160124,daily,1017.2,23.9,30.04,75.0,25.7,17.2,16.0,4.7,7.6,21.4,62.9,77.2,70.5,25.1,45,NaN,NE,85,34.1,29.88,93.4,1011.7,66,0.00,0.0,85.3,29.6,
20160125,daily,1018.5,21.6,30.08,70.8,17.7,15.6,11.0,6.5,10.5,17.1,60.1,72.7,62.9,22.6,41,NaN,NE,71,31.7,29.91,89.1,1012.8,57,0.00,0.0,80.9,27.2,
20160126,daily,1017.2,21.4,30.04,70.5,14.5,15.9,9.0,4.0,6.5,18.5,60.7,71.1,65.3,21.7,46,NaN,North,72,31.8,29.89,89.2,1012.1,61,0.00,0.0,80.1,26.7,
20160127,daily,1015.8,22.3,30.00,72.2,12.9,19.6,8.0,3.9,6.3,21.1,67.2,77.0,70.0,25.0,51,NaN,East,75,33.2,29.85,91.8,1010.7,65,0.00,0.0,84.4,29.1,
20160128,daily,1015.5,23.4,29.99,74.1,14.5,21.3,9.0,4.2,6.8,22.3,70.4,77.7,72.1,25.4,52,NaN,SE,81,33.2,29.84,91.8,1010.4,70,0.00,0.0,84.8,29.3,
20160129,daily,1015.5,24.2,29.99,75.5,16.1,22.3,10.0,5.3,8.6,22.9,72.2,77.5,73.2,25.3,55,NaN,SE,86,33.3,29.84,91.9,1010.4,73,0.00,0.0,84.7,29.3,
20160130,daily,1014.4,23.5,29.96,74.3,16.1,21.3,10.0,5.0,8.1,22.2,70.3,78.8,72.0,26.0,47,NaN,SE,80,34.4,29.81,93.9,1009.4,68,0.00,0.0,86.4,30.2,
20160131,daily,1014.1,22.0,29.95,71.6,16.1,19.1,10.0,4.7,7.6,20.6,66.3,79.2,69.2,26.2,39,NaN,SE,74,35.3,29.78,95.5,1008.4,61,0.00,0.0,87.3,30.8,
20160201,daily,1014.8,22.6,29.97,72.6,19.3,17.3,12.0,5.4,8.7,21.2,63.2,78.6,70.2,25.9,36,NaN,East,77,35.0,29.81,95.0,1009.4,63,0.00,0.0,86.8,30.4,
20160202,daily,1014.1,23.8,29.95,74.8,17.7,19.8,11.0,3.3,5.3,21.9,67.6,76.5,71.4,24.7,43,NaN,East,87,34.6,29.80,94.3,1009.0,68,0.00,0.0,85.4,29.7,
20160203,daily,1014.1,23.6,29.95,74.5,14.5,19.7,9.0,4.1,6.5,21.2,67.5,77.5,70.2,25.3,42,NaN,ENE,74,34.9,29.80,94.8,1009.0,65,0.00,0.0,86.2,30.1,
20160204,daily,1014.8,23.2,29.97,73.7,14.5,19.3,9.0,3.4,5.4,21.0,66.8,76.3,69.8,24.6,46,NaN,South,74,34.1,29.80,93.4,1009.0,65,0.00,0.0,84.9,29.4,
20160205,daily,1013.8,24.3,29.94,75.7,12.9,20.4,8.0,3.2,5.1,21.9,68.8,78.3,71.5,25.7,51,NaN,East,80,33.4,29.76,92.1,1007.7,69,0.00,0.0,85.2,29.6,
20160206,daily,1014.4,22.8,29.96,73.0,17.7,17.2,11.0,4.0,6.4,20.4,62.9,75.6,68.8,24.2,49,NaN,NE,81,32.4,29.82,90.3,1009.7,66,0.00,0.0,82.9,28.3,
20160207,daily,1017.5,19.7,30.05,67.5,20.9,12.9,13.0,6.7,10.8,16.0,55.3,70.0,60.7,21.1,34,NaN,NNE,73,31.2,29.88,88.2,1011.7,58,0.00,0.0,79.1,26.2,
20160208,daily,1016.8,19.6,30.03,67.2,16.1,12.4,10.0,4.2,6.8,14.7,54.3,66.0,58.5,18.9,35,NaN,NNW,73,31.3,29.86,88.3,1011.1,56,0.00,0.0,77.2,25.1,
20160209,daily,1015.5,21.3,29.99,70.4,12.9,16.1,8.0,3.3,5.3,18.5,61.0,69.6,65.3,20.9,44,NaN,WSW,81,31.6,29.85,88.9,1010.7,65,0.00,0.0,79.2,26.2,
20160210,daily,1014.8,21.8,29.97,71.3,19.3,16.3,12.0,4.0,6.5,19.7,61.3,72.9,67.5,22.7,38,NaN,South,86,34.3,29.83,93.7,1010.0,66,0.00,0.0,83.3,28.5,
20160211,daily,1014.1,23.3,29.95,73.9,14.5,19.8,9.0,3.8,6.1,21.7,67.6,75.6,71.1,24.2,45,NaN,SE,85,33.7,29.81,92.7,1009.4,71,0.00,0.0,84.1,29.0,
20160212,daily,1014.1,23.2,29.95,73.7,14.5,21.2,9.0,5.2,8.4,22.4,70.1,76.6,72.3,24.8,53,NaN,SE,87,32.5,29.80,90.5,1009.0,75,0.00,0.0,83.6,28.6,
20160213,daily,1014.4,23.9,29.96,75.1,16.1,22.7,10.0,4.5,7.3,23.4,72.9,76.3,74.1,24.6,58,NaN,SSE,92,32.6,29.81,90.7,1009.4,79,0.00,0.0,83.5,28.6,
20160214,daily,1014.1,24.2,29.95,75.5,16.1,22.9,10.0,5.1,8.1,23.6,73.3,76.8,74.5,24.9,59,NaN,SSE,93,32.1,29.83,89.8,1010.0,80,0.00,0.0,83.3,28.5,
20160215,daily,1016.5,23.9,30.02,75.1,16.1,20.4,10.0,5.3,8.5,22.3,68.8,77.2,72.2,25.1,46,NaN,SE,91,34.6,29.87,94.3,1011.4,72,0.00,0.0,85.8,29.9,
20160216,daily,1017.8,22.7,30.06,72.8,19.3,19.2,12.0,4.4,7.1,20.7,66.6,76.1,69.3,24.5,45,NaN,SE,81,33.7,29.90,92.7,1012.4,66,0.00,0.0,84.4,29.1,
20160217,daily,1018.2,22.5,30.07,72.5,16.1,19.1,10.0,3.6,5.7,20.7,66.4,77.2,69.2,25.1,40,NaN,ESE,81,34.7,29.90,94.5,1012.4,65,0.00,0.0,85.8,29.9,
20160218,daily,1016.8,21.0,30.03,69.8,16.1,17.4,10.0,4.0,6.4,19.6,63.3,74.5,67.3,23.6,40,NaN,SE,84,33.9,29.88,93.0,1011.7,63,0.00,0.0,83.8,28.8,
20160219,daily,1017.5,20.7,30.05,69.2,16.1,16.0,10.0,4.6,7.5,19.0,60.8,74.5,66.2,23.6,33,NaN,ESE,79,35.3,29.88,95.5,1011.7,60,0.00,0.0,85.0,29.4,
20160220,daily,1018.2,21.9,30.07,71.4,17.7,13.1,11.0,4.4,7.1,18.8,55.6,73.8,65.8,23.2,30,NaN,SE,89,34.0,29.90,93.2,1012.4,63,0.00,0.0,83.5,28.6,
20160221,daily,1016.8,22.1,30.03,71.7,14.5,17.7,9.0,4.7,7.6,19.8,63.9,74.1,67.7,23.4,39,NaN,SE,82,33.9,29.88,93.0,1011.7,65,0.00,0.0,83.6,28.6,
20160222,daily,1018.5,22.2,30.08,71.9,17.7,19.4,11.0,4.8,7.8,20.5,66.9,74.7,68.9,23.7,41,NaN,SE,83,34.8,29.91,94.6,1012.8,67,0.00,0.0,84.6,29.2,
20160223,daily,1016.5,23.9,30.02,75.1,16.1,17.2,10.0,4.9,8.0,21.4,62.9,74.8,70.5,23.8,50,NaN,SE,90,33.8,29.87,92.8,1011.4,71,0.00,0.0,83.8,28.8,
20160224,daily,1017.2,22.4,30.04,72.3,14.5,17.3,9.0,4.4,7.0,20.1,63.2,75.7,68.3,24.3,36,NaN,ENE,79,35.0,29.88,95.0,1011.7,61,0.00,0.0,85.3,29.6,
20160225,daily,1017.8,22.1,30.06,71.7,17.7,18.9,11.0,4.3,7.0,20.2,66.0,76.5,68.3,24.7,51,NaN,ENE,74,30.9,29.94,87.6,1013.8,63,0.00,0.0,82.1,27.8,
20160226,daily,1017.8,22.8,30.06,73.1,19.3,19.5,12.0,5.7,9.2,20.6,67.1,74.1,69.0,23.4,46,NaN,NE,80,33.4,29.91,92.1,1012.8,65,0.00,0.0,83.1,28.4,
20160227,daily,1017.2,22.8,30.04,73.1,14.5,19.1,9.0,4.8,7.8,20.7,66.4,75.6,69.2,24.2,42,NaN,ENE,75,34.1,29.90,93.4,1012.4,64,0.00,0.0,84.5,29.2,
20160228,daily,1017.8,22.7,30.06,72.8,14.5,19.3,9.0,3.2,5.1,20.8,66.7,77.5,69.5,25.3,46,NaN,ENE,78,33.9,29.90,93.0,1012.4,64,0.00,0.0,85.2,29.6,
20160229,daily,1017.5,22.2,30.05,71.9,16.1,19.6,10.0,3.1,4.9,21.0,67.3,75.7,69.7,24.3,46,NaN,South,83,33.8,29.90,92.8,1012.4,67,0.00,0.0,84.2,29.0,
20160301,daily,1016.8,21.6,30.03,70.9,12.9,16.5,8.0,3.2,5.1,19.1,61.7,72.7,66.4,22.6,36,NaN,South,75,34.8,29.86,94.6,1011.1,61,0.00,0.0,83.6,28.7,
20160302,daily,1017.2,22.1,30.04,71.8,16.1,19.1,10.0,3.6,5.8,20.9,66.4,75.2,69.6,24.0,43,NaN,SSE,86,33.8,29.89,92.8,1012.1,68,0.00,0.0,84.0,28.9,
20160303,daily,1017.8,22.6,30.06,72.7,12.9,19.6,8.0,3.3,5.3,21.1,67.2,76.3,70.1,24.6,45,NaN,SSE,84,34.0,29.89,93.2,1012.1,68,0.00,0.0,84.8,29.3,
20160304,daily,1015.1,22.4,29.98,72.4,14.5,19.9,9.0,4.7,7.6,21.1,67.8,74.7,69.9,23.7,47,NaN,SE,84,33.7,29.84,92.7,1010.4,68,0.00,0.0,83.7,28.7,
20160305,daily,1014.4,22.4,29.96,72.3,16.1,21.2,10.0,4.5,7.3,21.7,70.2,75.6,71.1,24.2,47,NaN,SE,86,34.2,29.80,93.6,1009.0,73,0.00,0.0,84.6,29.2,
20160306,daily,1014.8,22.9,29.97,73.2,16.1,20.7,10.0,5.2,8.3,21.7,69.2,76.6,71.0,24.8,51,NaN,SE,82,33.7,29.81,92.7,1009.4,70,0.00,0.0,84.6,29.2,
20160307,daily,1015.1,22.4,29.98,72.3,16.1,20.7,10.0,5.6,9.0,21.6,69.3,76.8,70.9,24.9,50,NaN,SSE,86,33.7,29.81,92.7,1009.4,71,0.00,0.0,84.8,29.3,
20160308,daily,1013.1,23.7,29.92,74.7,19.3,21.8,12.0,5.3,8.5,22.6,71.3,75.4,72.7,24.1,56,NaN,SSE,91,32.9,29.78,91.2,1008.4,78,0.00,0.0,83.3,28.5,
20160309,daily,1013.8,23.7,29.94,74.6,14.5,21.3,9.0,4.3,6.9,22.9,70.4,76.3,73.2,24.6,58,NaN,SSE,91,32.4,29.79,90.3,1008.7,77,0.00,0.0,83.3,28.5,
20160310,daily,1015.1,23.9,29.98,75.0,14.5,22.3,9.0,4.2,6.7,23.3,72.1,76.8,73.9,24.9,60,NaN,SSE,91,32.2,29.83,90.0,1010.0,78,0.00,0.0,83.4,28.6,
20160311,daily,1015.8,23.8,30.00,74.8,20.9,21.3,13.0,7.0,11.2,22.8,70.4,77.2,73.1,25.1,53,NaN,SE,91,33.4,29.85,92.1,1010.7,74,0.00,0.0,84.6,29.2,
20160312,daily,1014.4,23.2,29.96,73.7,17.7,19.8,11.0,6.2,10.0,21.8,67.6,78.4,71.3,25.8,43,NaN,SE,84,34.2,29.80,93.6,1009.0,68,0.00,0.0,86.0,30.0,
20160313,daily,1015.5,23.9,29.99,75.1,12.9,21.6,8.0,4.8,7.7,23.0,70.8,77.4,73.4,25.2,54,NaN,SSE,89,32.4,29.84,90.3,1010.4,76,0.00,0.0,83.9,28.8,
20160314,daily,1014.8,24.5,29.97,76.1,20.9,22.2,13.0,5.3,8.5,23.4,72.0,77.2,74.2,25.1,60,NaN,SSE,92,33.0,29.83,91.4,1010.0,78,0.00,0.0,84.3,29.1,
20160315,daily,1014.8,22.9,29.97,73.2,17.7,20.4,11.0,5.7,9.1,22.0,68.7,77.9,71.7,25.5,49,NaN,SSE,84,33.6,29.82,92.5,1009.7,70,0.00,0.0,85.2,29.6,
20160316,daily,1014.4,23.9,29.96,75.1,12.9,21.7,8.0,5.4,8.7,22.9,71.0,77.7,73.3,25.4,59,NaN,SSE,87,32.4,29.81,90.3,1009.4,75,0.00,0.0,84.0,28.9,
20160317,daily,1014.8,23.8,29.97,74.8,12.9,22.5,8.0,4.7,7.6,23.1,72.5,77.7,73.5,25.4,62,NaN,SSE,88,31.2,29.82,88.2,1009.7,78,0.00,0.0,82.9,28.3,
20160318,daily,1014.1,23.3,29.95,74.0,16.1,21.6,10.0,5.1,8.2,22.7,70.8,77.5,72.9,25.3,56,NaN,SSE,88,32.2,29.80,90.0,1009.0,75,0.00,0.0,83.8,28.8,
20160319,daily,1013.1,23.9,29.92,75.0,14.5,20.4,9.0,4.6,7.4,22.6,68.8,74.7,72.7,23.7,52,NaN,SSE,91,32.5,29.78,90.5,1008.4,76,0.00,0.0,82.6,28.1,
20160320,daily,1013.4,24.6,29.93,76.3,14.5,22.4,9.0,4.3,6.9,23.6,72.4,77.4,74.4,25.2,57,NaN,SSE,92,32.5,29.78,90.5,1008.4,78,0.00,0.0,83.9,28.9,
20160321,daily,1013.4,24.2,29.93,75.6,14.5,22.4,9.0,4.5,7.2,23.5,72.3,78.3,74.3,25.7,58,NaN,SSE,90,32.8,29.76,91.0,1007.7,76,0.00,0.0,84.7,29.2,
20160322,daily,1012.1,23.9,29.89,75.1,14.5,21.3,9.0,5.3,8.6,22.8,70.3,78.3,73.1,25.7,51,NaN,SSE,89,33.0,29.76,91.4,1007.7,73,0.00,0.0,84.9,29.4,
20160323,daily,1013.1,24.4,29.92,76.0,14.5,22.1,9.0,4.3,6.9,23.4,71.8,78.6,74.2,25.9,57,NaN,SSE,86,33.2,29.78,91.8,1008.4,75,0.00,0.0,85.2,29.6,
20160324,daily,1014.8,23.9,29.97,75.0,16.1,21.0,10.0,4.7,7.5,22.8,69.8,77.9,73.1,25.5,52,NaN,SSE,87,33.5,29.83,92.3,1010.0,73,0.00,0.0,85.1,29.5,
20160325,daily,1016.5,23.6,30.02,74.4,19.3,18.4,12.0,6.3,10.1,21.7,65.1,78.3,71.1,25.7,38,NaN,SE,87,35.7,29.90,96.3,1012.4,67,0.00,0.0,87.3,30.7,
20160326,daily,1017.2,23.8,30.04,74.8,17.7,21.2,11.0,3.9,6.2,22.6,70.1,77.9,72.7,25.5,47,NaN,SE,86,34.8,29.88,94.6,1011.7,70,0.00,0.0,86.2,30.1,
20160327,daily,1016.8,22.6,30.03,72.6,17.7,20.0,11.0,5.2,8.3,21.3,68.0,77.7,70.4,25.4,43,NaN,SE,79,35.1,29.86,95.2,1011.1,65,0.00,0.0,86.4,30.2,
20160328,daily,1017.2,22.2,30.04,71.9,16.1,18.9,10.0,4.5,7.2,20.7,66.1,76.1,69.2,24.5,40,NaN,SE,79,35.0,29.87,95.0,1011.4,65,0.00,0.0,85.6,29.8,
20160329,daily,1017.8,21.7,30.06,71.1,16.1,19.1,10.0,4.4,7.1,20.8,66.4,75.9,69.4,24.4,44,NaN,SE,83,34.7,29.89,94.5,1012.1,66,0.00,0.0,85.2,29.6,
20160330,daily,1016.5,22.5,30.02,72.5,17.7,18.9,11.0,6.0,9.7,20.7,66.1,75.9,69.3,24.4,44,NaN,SE,80,33.3,29.88,91.9,1011.7,66,0.00,0.0,83.9,28.8,
20160331,daily,1014.8,23.8,29.97,74.8,16.1,21.1,10.0,5.3,8.6,22.7,70.0,77.4,72.8,25.2,54,NaN,SSE,87,33.6,29.82,92.5,1009.7,73,0.00,0.0,84.9,29.4,
20160401,daily,1013.8,23.5,29.94,74.3,17.7,19.8,11.0,5.8,9.3,22.5,67.6,78.3,72.4,25.7,47,NaN,SE,86,34.3,29.79,93.7,1008.7,70,0.00,0.0,86.0,30.0,
20160402,daily,1014.1,23.9,29.95,75.0,17.7,21.6,11.0,5.6,9.0,23.0,70.9,77.9,73.4,25.5,53,NaN,SSE,88,32.6,29.81,90.7,1009.4,74,0.00,0.0,84.3,29.1,
20160403,daily,1014.1,24.4,29.95,76.0,19.3,22.4,12.0,5.4,8.7,23.7,72.3,78.1,74.6,25.6,58,NaN,SSE,90,33.1,29.81,91.6,1009.4,77,0.00,0.0,84.8,29.4,
20160404,daily,1014.4,24.7,29.96,76.4,16.1,22.5,10.0,4.3,7.0,24.0,72.5,78.4,75.2,25.8,54,NaN,SSE,91,33.5,29.78,92.3,1008.4,78,0.00,0.0,85.4,29.6,
20160405,daily,1013.8,24.7,29.94,76.5,12.9,21.4,8.0,4.0,6.5,23.5,70.6,78.3,74.2,25.7,54,NaN,SSE,92,32.8,29.81,91.0,1009.4,76,0.00,0.0,84.7,29.2,
20160406,daily,1013.4,24.3,29.93,75.8,16.1,20.3,10.0,4.0,6.4,23.3,68.6,78.6,73.9,25.9,51,NaN,SSE,89,32.7,29.81,90.9,1009.4,75,0.00,0.0,84.8,29.3,
20160407,daily,1013.8,24.8,29.94,76.6,12.9,21.4,8.0,3.6,5.8,23.3,70.6,79.0,73.9,26.1,51,NaN,SSE,88,33.7,29.79,92.7,1008.7,73,0.00,0.0,85.8,29.9,
20160408,daily,1013.1,25.4,29.92,77.8,12.9,22.5,8.0,4.3,6.9,24.3,72.5,79.3,75.8,26.3,55,NaN,SSE,91,33.2,29.79,91.8,1008.7,77,0.00,0.0,85.6,29.8,
20160409,daily,1013.1,24.8,29.92,76.7,14.5,19.7,9.0,4.7,7.5,23.3,67.5,79.5,73.9,26.4,50,NaN,SSE,88,33.5,29.79,92.3,1008.7,73,0.00,0.0,85.9,29.9,
20160410,daily,1013.8,25.1,29.94,77.2,12.9,22.2,8.0,3.0,4.8,23.7,71.9,79.0,74.6,26.1,49,NaN,SSE,87,34.7,29.74,94.5,1007.0,73,0.00,0.0,86.8,30.4,
20160411,daily,1011.1,26.3,29.86,79.4,16.1,24.2,10.0,3.0,4.9,25.1,75.6,81.1,77.2,27.3,64,NaN,South,86,33.6,29.71,92.5,1006.0,79,0.00,0.0,86.8,30.4,
20160412,daily,1010.0,26.3,29.83,79.3,17.7,24.7,11.0,4.4,7.1,25.3,76.5,81.9,77.5,27.7,64,NaN,SSE,86,33.7,29.70,92.7,1005.6,79,0.00,0.0,87.3,30.7,
20160413,daily,1010.0,26.6,29.83,79.9,16.1,21.4,10.0,4.2,6.8,25.1,70.5,81.5,77.3,27.5,46,NaN,SSW,90,35.3,29.66,95.5,1004.3,76,0.00,0.0,88.5,31.4,
20160414,daily,1011.1,26.3,29.86,79.3,16.1,21.6,10.0,5.1,8.3,25.2,70.8,81.7,77.3,27.6,46,NaN,SSW,90,35.2,29.73,95.4,1006.7,76,0.00,0.0,88.6,31.4,
20160415,daily,1011.7,26.2,29.88,79.1,16.1,22.3,10.0,4.2,6.7,25.1,72.1,81.7,77.2,27.6,47,NaN,SSW,88,35.5,29.74,95.9,1007.0,75,0.00,0.0,88.8,31.6,
20160416,daily,1011.4,25.8,29.87,78.5,16.1,23.4,10.0,3.7,6.0,25.1,74.1,82.4,77.3,28.0,51,NaN,South,86,35.1,29.72,95.2,1006.3,76,0.00,0.0,88.8,31.6,
20160417,daily,1011.7,25.8,29.88,78.5,14.5,20.8,9.0,3.9,6.2,24.3,69.5,81.0,75.7,27.2,47,NaN,SSE,90,34.1,29.74,93.4,1007.0,73,0.00,0.0,87.2,30.7,
20160418,daily,1012.1,26.3,29.89,79.3,16.1,24.5,10.0,3.6,5.9,25.2,76.1,81.3,77.4,27.4,56,NaN,SE,88,35.1,29.72,95.2,1006.3,75,0.00,0.0,88.2,31.2,
20160419,daily,1012.4,25.6,29.90,78.1,19.3,20.9,12.0,6.2,10.0,23.9,69.6,81.7,75.0,27.6,42,NaN,SE,86,36.2,29.76,97.2,1007.7,68,0.00,0.0,89.4,31.9,
20160420,daily,1012.4,24.4,29.90,76.0,19.3,20.2,12.0,4.6,7.5,22.6,68.4,81.9,72.6,27.7,39,NaN,SSE,76,36.7,29.75,98.1,1007.3,62,0.00,0.0,90.0,32.2,
20160421,daily,1011.4,25.2,29.87,77.4,16.1,22.1,10.0,5.8,9.4,24.3,71.7,82.0,75.8,27.8,48,NaN,SE,83,35.3,29.74,95.5,1007.0,71,0.00,0.0,88.8,31.5,
20160422,daily,1011.7,25.2,29.88,77.3,14.5,19.7,9.0,4.0,6.5,23.4,67.4,81.7,74.0,27.6,45,NaN,SSE,84,35.1,29.71,95.2,1006.0,68,0.00,0.0,88.4,31.4,
20160423,daily,1011.1,25.6,29.86,78.1,14.5,16.4,9.0,4.1,6.6,23.0,61.6,81.1,73.5,27.3,35,NaN,SSE,87,34.4,29.71,93.9,1006.0,69,0.00,0.0,87.5,30.8,
20160424,daily,1010.4,25.7,29.84,78.3,12.9,19.5,8.0,3.9,6.2,23.9,67.1,80.6,75.0,27.0,42,NaN,SSE,90,34.4,29.69,93.9,1005.3,71,0.00,0.0,87.2,30.7,
20160425,daily,1011.4,26.3,29.87,79.4,14.5,21.9,9.0,3.8,6.1,24.7,71.4,80.6,76.5,27.0,49,NaN,SSE,89,35.4,29.73,95.7,1006.7,72,0.00,0.0,88.1,31.2,
20160426,daily,1011.7,26.1,29.88,79.0,14.5,20.8,9.0,3.8,6.1,24.6,69.4,82.0,76.3,27.8,43,NaN,SSE,88,35.4,29.73,95.7,1006.7,71,0.00,0.0,88.8,31.6,
20160427,daily,1010.7,26.2,29.85,79.2,22.5,20.9,14.0,2.7,4.4,25.1,69.7,82.0,77.2,27.8,51,NaN,South,87,35.8,29.69,96.4,1005.3,74,0.00,0.0,89.2,31.8,
20160428,daily,1010.7,27.0,29.85,80.6,17.7,24.1,11.0,3.7,6.0,25.5,75.3,83.5,77.9,28.6,52,NaN,SSE,86,36.0,29.71,96.8,1006.0,73,0.00,0.0,90.2,32.3,
20160429,daily,1011.4,26.0,29.87,78.8,16.1,23.1,10.0,3.6,5.8,25.0,73.5,83.7,76.9,28.7,57,NaN,South,83,33.9,29.74,93.1,1007.0,71,0.00,0.0,88.4,31.3,
20160430,daily,1011.7,25.3,29.88,77.6,14.5,21.1,9.0,2.7,4.3,23.8,70.0,82.0,74.9,27.8,45,NaN,SSE,85,35.3,29.71,95.5,1006.0,68,0.00,0.0,88.8,31.5,
20160501,daily,1010.7,25.7,29.85,78.3,16.1,22.8,10.0,3.2,5.1,24.6,73.0,82.8,76.2,28.2,51,NaN,SSE,85,34.9,29.71,94.8,1006.0,71,0.00,0.0,88.8,31.6,
20160502,daily,1011.4,26.4,29.87,79.5,16.1,22.6,10.0,3.3,5.3,25.2,72.6,82.0,77.3,27.8,51,NaN,SSE,87,35.0,29.72,95.0,1006.3,73,0.00,0.0,88.5,31.4,
20160503,daily,1010.7,26.6,29.85,79.8,14.5,23.5,9.0,3.2,5.2,25.6,74.3,82.2,78.0,27.9,50,NaN,SSE,89,36.1,29.70,97.0,1005.6,73,0.00,0.0,89.6,32.0,
20160504,daily,1010.7,26.4,29.85,79.5,14.5,23.3,9.0,3.7,5.9,25.5,74.0,82.8,77.9,28.2,52,NaN,SSE,88,35.3,29.71,95.5,1006.0,72,0.00,0.0,89.2,31.8,
20160505,daily,1010.7,26.7,29.85,80.0,17.7,25.1,11.0,4.3,7.0,25.9,77.1,83.7,78.7,28.7,59,NaN,SE,85,34.9,29.70,94.8,1005.6,74,0.00,0.0,89.2,31.8,
20160506,daily,1010.4,26.9,29.84,80.5,20.9,24.2,13.0,3.1,5.0,26.0,75.6,84.0,78.8,28.9,55,NaN,SE,85,35.6,29.71,96.1,1006.0,76,0.01,0.3,90.1,32.2,
20160507,daily,1009.7,26.3,29.82,79.4,16.1,22.4,10.0,4.3,6.9,25.1,72.3,82.6,77.2,28.1,48,NaN,SE,87,36.1,29.69,97.0,1005.3,72,0.00,0.0,89.8,32.1,
20160508,daily,1011.1,26.8,29.86,80.2,14.5,24.7,9.0,3.6,5.8,25.8,76.4,83.8,78.4,28.8,56,NaN,SSE,86,34.9,29.72,94.8,1006.3,75,0.01,0.3,89.3,31.8,
20160509,daily,1011.1,27.0,29.86,80.6,14.5,23.6,9.0,3.3,5.3,25.8,74.4,83.8,78.4,28.8,52,NaN,SSE,87,35.5,29.71,95.9,1006.0,73,0.00,0.0,89.9,32.1,
20160510,daily,1011.1,26.5,29.86,79.7,11.3,24.3,7.0,3.3,5.3,25.5,75.8,83.3,77.9,28.5,54,NaN,SSE,86,35.2,29.68,95.4,1005.0,72,0.00,0.0,89.4,31.9,
20160511,daily,1008.4,26.2,29.78,79.2,17.7,24.4,11.0,3.6,5.8,25.5,75.9,84.6,77.9,29.2,51,NaN,SSE,82,36.3,29.65,97.3,1003.9,71,0.00,0.0,90.9,32.8,
20160512,daily,1008.4,26.4,29.78,79.6,14.5,23.5,9.0,3.4,5.5,25.2,74.3,83.7,77.4,28.7,54,NaN,SSE,85,34.9,29.66,94.8,1004.3,71,0.00,0.0,89.2,31.8,
20160513,daily,1010.0,26.1,29.83,79.0,11.3,22.9,7.0,2.6,4.1,24.8,73.2,81.9,76.6,27.7,48,NaN,SSE,87,36.3,29.69,97.3,1005.3,69,0.00,0.0,89.6,32.0,
20160514,daily,1011.1,26.6,29.86,79.9,16.1,23.4,10.0,3.5,5.6,25.6,74.1,84.6,78.0,29.2,49,NaN,SE,84,36.6,29.72,97.9,1006.3,72,0.00,0.0,91.2,32.9,
20160515,daily,1010.0,26.4,29.83,79.5,14.5,24.1,9.0,3.3,5.3,25.4,75.3,83.8,77.7,28.8,48,NaN,SE,83,37.4,29.67,99.3,1004.6,70,0.00,0.0,91.6,33.1,
20160516,daily,1010.4,26.3,29.84,79.3,29.0,22.6,18.0,1.8,2.8,25.2,72.7,77.6,77.4,25.3,47,NaN,NNE,92,36.9,29.68,98.4,1005.0,85,1.83,46.5,88.0,31.1,
20160517,daily,1011.1,26.7,29.86,80.1,53.1,23.4,33.0,1.7,2.7,26.0,74.1,78.3,78.8,25.7,54,NaN,ENE,96,35.4,29.69,95.7,1005.3,83,0.72,18.3,87.0,30.6,
20160518,daily,1011.7,26.6,29.88,79.9,20.9,23.8,13.0,1.8,2.9,25.5,74.8,77.2,77.9,25.1,69,NaN,ENE,95,32.8,29.75,91.0,1007.3,86,1.39,35.3,84.1,28.9,
20160519,daily,1010.7,26.4,29.85,79.5,17.7,23.1,11.0,1.9,3.1,25.0,73.6,80.4,77.0,26.9,52,NaN,WNW,90,34.6,29.71,94.3,1006.0,77,0.00,0.0,87.4,30.8,
20160520,daily,1010.0,26.4,29.83,79.5,19.3,23.6,12.0,2.8,4.5,25.2,74.5,81.7,77.3,27.6,56,NaN,SW,89,33.8,29.67,92.8,1004.6,76,0.00,0.0,87.2,30.7,
20160521,daily,1009.7,26.5,29.82,79.7,14.5,24.9,9.0,3.3,5.4,25.7,76.9,82.0,78.2,27.8,58,NaN,WNW,88,34.6,29.67,94.3,1004.6,77,0.02,0.5,88.2,31.2,
20160522,daily,1010.7,26.2,29.85,79.2,22.5,24.2,14.0,5.4,8.6,25.3,75.5,79.2,77.5,26.2,59,NaN,WNW,94,33.9,29.71,93.0,1006.0,82,0.13,3.3,86.1,30.1,
20160523,daily,1010.0,26.1,29.83,78.9,24.1,23.7,15.0,4.7,7.6,24.8,74.6,80.2,76.6,26.8,52,NaN,WNW,90,35.2,29.70,95.4,1005.6,73,0.02,0.5,87.8,31.0,
20160524,daily,1009.7,25.6,29.82,78.1,32.2,23.3,20.0,9.3,15.0,24.7,73.9,79.2,76.4,26.2,55,NaN,West,88,34.2,29.71,93.6,1006.0,79,0.18,4.6,86.4,30.2,
20160525,daily,1009.0,25.9,29.80,78.7,24.1,22.8,15.0,7.1,11.5,24.8,73.0,78.4,76.6,25.8,56,NaN,West,92,32.8,29.68,91.0,1005.0,78,0.02,0.5,84.7,29.3,
20160526,daily,1010.0,25.9,29.83,78.7,27.4,23.9,17.0,6.6,10.6,25.3,75.1,81.7,77.5,27.6,59,NaN,West,87,34.1,29.68,93.4,1005.0,78,0.05,1.3,87.6,30.9,
20160527,daily,1012.1,26.4,29.89,79.6,40.2,22.3,25.0,3.0,4.9,25.0,72.1,75.7,76.9,24.3,69,NaN,WSW,95,32.3,29.74,90.1,1007.0,87,0.91,23.1,82.9,28.3,
20160528,daily,1011.1,25.4,29.86,77.7,17.7,23.3,11.0,4.5,7.2,24.6,74.0,78.1,76.3,25.6,56,NaN,WSW,96,33.6,29.70,92.5,1005.6,78,0.00,0.0,85.3,29.6,
20160529,daily,1010.4,26.3,29.84,79.4,16.1,23.2,10.0,3.6,5.8,24.6,73.7,80.1,76.3,26.7,60,NaN,WSW,90,33.1,29.70,91.6,1005.6,78,0.82,20.8,85.8,29.9,
20160530,daily,1011.1,26.9,29.86,80.4,22.5,22.8,14.0,2.6,4.2,25.0,73.0,75.9,76.9,24.4,64,NaN,SSW,96,33.1,29.75,91.6,1007.3,87,1.43,36.3,83.8,28.8,
20160531,daily,1012.1,25.8,29.89,78.5,22.5,23.6,14.0,2.0,3.2,24.5,74.5,76.8,76.1,24.9,60,NaN,SW,95,34.2,29.80,93.6,1009.0,83,0.00,0.0,85.2,29.6,
20160601,daily,1013.1,26.6,29.92,79.8,17.7,22.9,11.0,2.9,4.6,24.9,73.2,79.2,76.8,26.2,53,NaN,SW,93,34.4,29.74,93.9,1007.0,77,0.00,0.0,86.6,30.3,
20160602,daily,1011.7,25.7,29.88,78.3,19.3,22.9,12.0,3.5,5.7,24.8,73.3,81.9,76.7,27.7,55,NaN,SW,87,34.4,29.73,93.9,1006.7,73,0.00,0.0,87.9,31.1,
20160603,daily,1012.1,25.8,29.89,78.5,22.5,23.2,14.0,3.4,5.5,24.8,73.8,80.2,76.6,26.8,56,NaN,WSW,87,33.8,29.75,92.8,1007.3,77,0.18,4.6,86.5,30.3,
20160604,daily,1012.1,26.3,29.89,79.3,22.5,23.0,14.0,2.9,4.7,24.6,73.4,77.5,76.3,25.3,54,NaN,West,91,35.1,29.74,95.2,1007.0,77,0.66,16.8,86.3,30.2,
20160605,daily,1011.4,26.1,29.87,78.9,16.1,23.7,10.0,4.1,6.5,25.2,74.7,81.9,77.4,27.7,56,NaN,WSW,88,34.1,29.72,93.4,1006.3,78,0.20,5.1,87.7,30.9,
20160606,daily,1012.1,26.6,29.89,79.9,30.6,23.8,19.0,3.4,5.4,25.1,74.9,78.1,77.2,25.6,53,NaN,West,93,35.9,29.73,96.6,1006.7,78,0.17,4.3,87.3,30.8,
20160607,daily,1012.8,26.4,29.91,79.6,25.7,22.1,16.0,2.7,4.4,24.8,71.8,76.8,76.7,24.9,64,NaN,West,94,32.3,29.77,90.1,1008.0,87,0.98,24.9,83.4,28.6,
20160608,daily,1012.1,26.2,29.89,79.2,17.7,22.1,11.0,3.9,6.4,24.3,71.8,76.8,75.7,24.9,60,NaN,WNW,89,33.3,29.74,91.9,1007.0,78,0.01,0.3,84.4,29.1,
20160609,daily,1011.4,25.7,29.87,78.3,20.9,23.1,13.0,4.8,7.7,24.5,73.5,79.2,76.0,26.2,57,NaN,WNW,91,33.5,29.76,92.3,1007.7,74,0.00,0.0,85.8,29.9,
20160610,daily,1011.1,27.6,29.86,81.6,19.3,23.8,12.0,5.8,9.3,25.2,74.8,82.0,77.4,27.8,51,NaN,West,86,36.2,29.73,97.2,1006.7,72,0.00,0.0,89.6,32.0,
20160611,daily,1010.7,26.9,29.85,80.5,22.5,23.5,14.0,5.0,8.1,25.5,74.3,79.7,77.8,26.5,51,NaN,WNW,92,35.4,29.69,95.7,1005.3,79,0.41,10.4,87.7,30.9,
20160612,daily,1012.4,27.0,29.90,80.6,25.7,23.8,16.0,2.8,4.5,25.2,74.8,79.3,77.4,26.3,66,NaN,WSW,94,32.8,29.74,91.0,1007.0,84,1.13,28.7,85.2,29.5,
20160613,daily,1011.4,26.4,29.87,79.5,29.0,23.7,18.0,3.1,5.0,25.2,74.7,77.2,77.4,25.1,57,NaN,WNW,95,34.7,29.70,94.5,1005.6,84,1.35,34.3,85.8,29.9,
20160614,daily,1010.0,26.7,29.83,80.1,17.7,24.0,11.0,2.5,4.0,25.8,75.2,79.3,78.4,26.3,58,NaN,NW,96,34.2,29.71,93.6,1006.0,85,0.13,3.3,86.4,30.2,
20160615,daily,1009.7,26.3,29.82,79.4,19.3,23.7,12.0,2.6,4.2,25.2,74.6,78.4,77.4,25.8,70,NaN,WSW,95,32.1,29.73,89.8,1006.7,88,0.39,9.9,84.1,28.9,
20160616,daily,1009.7,25.8,29.82,78.5,19.3,22.8,12.0,2.6,4.1,24.8,73.0,77.9,76.7,25.5,67,NaN,NW,96,31.9,29.70,89.4,1005.6,87,0.19,4.8,83.7,28.7,
20160617,daily,1010.7,26.3,29.85,79.3,14.5,22.9,9.0,2.5,4.1,24.6,73.3,76.6,76.2,24.8,55,NaN,NNW,95,33.8,29.73,92.8,1006.7,75,0.00,0.0,84.7,29.3,
20160618,daily,1011.1,25.9,29.86,78.7,27.4,22.4,17.0,3.8,6.1,24.5,72.3,77.7,76.1,25.4,55,NaN,NNW,89,34.6,29.71,94.3,1006.0,77,0.03,0.8,86.0,30.0,
20160619,daily,1010.7,25.9,29.85,78.7,12.9,23.3,8.0,2.5,3.9,24.3,73.9,77.5,75.7,25.3,69,NaN,SW,91,30.6,29.73,87.1,1006.7,83,0.09,2.3,82.3,27.9,
20160620,daily,1010.0,25.3,29.83,77.6,22.5,23.1,14.0,1.9,3.0,24.3,73.5,75.9,75.7,24.4,62,NaN,NE,96,32.9,29.72,91.2,1006.3,88,1.13,28.7,83.6,28.6,
20160621,daily,1009.7,25.7,29.82,78.2,12.9,24.0,8.0,1.9,3.0,24.6,75.2,76.6,76.3,24.8,62,NaN,NW,96,32.6,29.69,90.7,1005.3,82,0.07,1.8,83.6,28.7,
20160622,daily,1010.7,25.3,29.85,77.6,27.4,22.9,17.0,4.1,6.6,24.4,73.2,77.0,75.9,25.0,57,NaN,WSW,94,32.6,29.72,90.7,1006.3,84,0.54,13.7,83.8,28.8,
20160623,daily,1010.4,25.3,29.84,77.6,24.1,22.4,15.0,3.1,5.0,24.1,72.4,77.2,75.4,25.1,65,NaN,WSW,94,31.3,29.76,88.3,1007.7,85,0.01,0.3,82.8,28.2,
20160624,daily,1010.7,25.6,29.85,78.1,24.1,22.6,15.0,1.1,1.7,24.1,72.7,75.0,75.3,23.9,78,NaN,North,94,29.2,29.76,84.6,1007.7,91,0.08,2.0,79.8,26.6,
20160625,daily,1011.1,26.3,29.86,79.4,19.3,21.8,12.0,3.9,6.3,23.8,71.3,77.4,74.9,25.2,55,NaN,West,93,32.6,29.75,90.7,1007.3,77,0.01,0.3,84.1,28.9,
20160626,daily,1010.4,25.9,29.84,78.7,33.8,22.7,21.0,4.5,7.3,24.4,72.8,76.1,76.0,24.5,74,NaN,West,96,30.8,29.75,87.4,1007.3,89,0.50,12.7,81.8,27.6,
20160627,daily,1009.0,25.6,29.80,78.0,30.6,22.8,19.0,5.7,9.2,24.2,73.1,75.7,75.5,24.3,69,NaN,West,97,30.8,29.70,87.4,1005.6,88,0.42,10.7,81.6,27.5,
20160628,daily,1010.0,24.9,29.83,76.9,22.5,22.9,14.0,7.3,11.7,24.0,73.2,77.0,75.2,25.0,69,NaN,WSW,92,29.8,29.72,85.6,1006.3,83,0.04,1.0,81.3,27.4,
20160629,daily,1012.1,24.4,29.89,76.0,29.0,22.4,18.0,7.6,12.2,23.2,72.3,77.5,73.8,25.3,61,NaN,WSW,90,30.8,29.77,87.4,1008.0,77,0.00,0.0,82.4,28.0,
20160630,daily,1011.7,25.5,29.88,77.9,20.9,21.7,13.0,3.8,6.1,23.9,71.1,76.8,75.0,24.9,52,NaN,West,94,33.1,29.75,91.6,1007.3,76,0.02,0.5,84.2,29.0,
20160701,daily,1011.1,25.2,29.86,77.3,17.7,22.2,11.0,4.2,6.8,23.9,72.0,78.8,74.9,26.0,60,NaN,WNW,89,33.2,29.73,91.8,1006.7,73,0.00,0.0,85.3,29.6,
20160702,daily,1012.1,26.5,29.89,79.7,19.3,22.8,12.0,1.8,3.0,24.3,73.1,79.3,75.8,26.3,58,NaN,West,91,33.2,29.76,91.8,1007.7,80,0.61,15.5,85.6,29.8,
20160703,daily,1012.4,26.0,29.90,78.8,14.5,22.9,9.0,2.7,4.4,24.5,73.3,78.1,76.1,25.6,53,NaN,NW,92,33.9,29.76,93.0,1007.7,74,0.00,0.0,85.6,29.8,
20160704,daily,1011.4,27.0,29.87,80.6,25.7,22.0,16.0,6.9,11.1,25.2,71.6,76.3,77.3,24.6,55,NaN,WNW,90,34.4,29.68,93.9,1005.0,75,0.00,0.0,85.1,29.5,
20160705,daily,1009.7,25.3,29.82,77.5,35.4,21.9,22.0,4.0,6.5,23.4,71.4,75.4,74.2,24.1,58,NaN,NW,92,33.4,29.65,92.1,1003.9,77,0.37,9.4,83.8,28.8,
20160706,daily,1009.0,25.5,29.80,77.9,24.1,22.7,15.0,5.3,8.6,23.8,72.8,76.5,74.8,24.7,62,NaN,West,92,30.9,29.69,87.6,1005.3,80,0.00,0.0,82.1,27.8,
20160707,daily,1009.0,25.1,29.80,77.1,19.3,21.8,12.0,6.4,10.2,23.8,71.2,76.5,74.9,24.7,57,NaN,West,92,32.1,29.68,89.8,1005.0,76,0.27,6.9,83.2,28.4,
20160708,daily,1009.0,25.0,29.80,77.0,37.0,21.9,23.0,9.7,15.6,23.5,71.5,79.2,74.4,26.2,58,NaN,West,85,32.2,29.67,90.0,1004.6,74,0.00,0.0,84.6,29.2,
20160709,daily,1008.7,25.4,29.79,77.8,25.7,22.7,16.0,9.8,15.8,24.4,72.8,80.2,76.0,26.8,55,NaN,WNW,88,33.3,29.67,91.9,1004.6,76,0.19,4.8,86.1,30.0,
20160710,daily,1008.4,25.5,29.78,77.9,30.6,22.5,19.0,9.0,14.5,24.1,72.5,79.7,75.5,26.5,61,NaN,West,89,30.9,29.68,87.6,1005.0,78,0.00,0.0,83.6,28.7,
20160711,daily,1009.7,25.6,29.82,78.1,22.5,23.3,14.0,7.1,11.4,24.4,73.9,80.2,76.0,26.8,66,NaN,WSW,90,31.4,29.70,88.5,1005.6,81,0.00,0.0,84.3,29.1,
20160712,daily,1009.4,25.2,29.81,77.3,24.1,23.1,15.0,5.6,9.1,24.2,73.5,79.3,75.6,26.3,58,NaN,West,87,32.6,29.68,90.7,1005.0,77,0.00,0.0,85.0,29.4,
20160713,daily,1008.4,26.2,29.78,79.2,17.7,23.9,11.0,4.7,7.5,24.8,75.1,80.4,76.6,26.9,59,NaN,West,91,33.2,29.65,91.8,1003.9,79,0.31,7.9,86.1,30.1,
20160714,daily,1009.7,26.4,29.82,79.5,19.3,23.1,12.0,3.2,5.2,24.5,73.5,76.1,76.0,24.5,55,NaN,WSW,95,34.3,29.66,93.7,1004.3,80,0.85,21.6,84.9,29.4,
20160715,daily,1010.0,26.2,29.83,79.2,22.5,23.2,14.0,2.8,4.5,24.6,73.7,77.4,76.3,25.2,68,NaN,WSW,93,31.8,29.69,89.2,1005.3,84,0.09,2.3,83.3,28.5,
20160716,daily,1011.4,26.0,29.87,78.8,14.5,23.8,9.0,1.0,1.6,24.9,74.8,78.6,76.8,25.9,61,NaN,NW,94,33.3,29.72,91.9,1006.3,74,0.00,0.0,85.2,29.6,
20160717,daily,1011.1,24.8,29.86,76.6,1.6,24.8,1.0,1.0,1.6,24.8,76.6,91.9,76.6,33.3,61,NaN,NNW,61,33.3,29.71,91.9,1006.0,61,0.00,0.0,91.9,33.3,
20160718,daily,1010.0,24.8,29.83,76.6,1.6,24.8,1.0,1.0,1.6,24.8,76.6,91.9,76.6,33.3,61,NaN,NNW,61,33.3,29.66,91.9,1004.3,61,0.00,0.0,91.9,33.3,
20160719,daily,1009.7,24.8,29.82,76.6,1.6,24.8,1.0,1.0,1.6,24.8,76.6,91.9,76.6,33.3,61,NaN,NNW,61,33.3,29.66,91.9,1004.3,61,0.00,0.0,91.9,33.3,
20160720,daily,1010.7,24.8,29.85,76.6,1.6,24.8,1.0,1.0,1.6,24.8,76.6,91.9,76.6,33.3,61,NaN,NNW,61,33.3,29.74,91.9,1007.0,61,0.00,0.0,91.9,33.3,
20160721,daily,1011.4,24.8,29.87,76.6,1.6,24.8,1.0,1.0,1.6,24.8,76.6,91.9,76.6,33.3,61,NaN,NNW,61,33.3,29.75,91.9,1007.3,61,0.00,0.0,91.9,33.3,
20160722,daily,1011.4,24.8,29.87,76.6,1.6,24.8,1.0,1.0,1.6,24.8,76.6,91.9,76.6,33.3,61,NaN,NNW,61,33.3,29.74,91.9,1007.0,61,0.00,0.0,91.9,33.3,
20160723,daily,1011.1,24.8,29.86,76.6,1.6,24.8,1.0,1.0,1.6,24.8,76.6,91.9,76.6,33.3,61,NaN,NNW,61,33.3,29.75,91.9,1007.3,61,0.00,0.0,91.9,33.3,
20160724,daily,1011.1,24.8,29.86,76.6,1.6,24.8,1.0,1.0,1.6,24.8,76.6,91.9,76.6,33.3,61,NaN,NNW,61,33.3,29.70,91.9,1005.6,61,0.00,0.0,91.9,33.3,
20160725,daily,1010.7,24.8,29.85,76.6,1.6,24.8,1.0,1.0,1.6,24.8,76.6,91.9,76.6,33.3,61,NaN,NNW,61,33.3,29.71,91.9,1006.0,61,0.00,0.0,91.9,33.3,
20160726,daily,1010.0,24.8,29.83,76.6,1.6,24.8,1.0,1.0,1.6,24.8,76.6,91.9,76.6,33.3,61,NaN,NNW,61,33.3,29.72,91.9,1006.3,61,0.00,0.0,91.9,33.3,
20160727,daily,1010.7,24.8,29.85,76.6,1.6,24.8,1.0,1.0,1.6,24.8,76.6,91.9,76.6,33.3,61,NaN,NNW,61,33.3,29.69,91.9,1005.3,61,0.00,0.0,91.9,33.3,
20160728,daily,1010.7,24.8,29.85,76.6,1.6,24.8,1.0,1.0,1.6,24.8,76.6,91.9,76.6,33.3,61,NaN,NNW,61,33.3,29.74,91.9,1007.0,61,0.00,0.0,91.9,33.3,
20160729,daily,1011.4,24.8,29.87,76.6,1.6,24.8,1.0,1.0,1.6,24.8,76.6,91.9,76.6,33.3,61,NaN,NNW,61,33.3,29.72,91.9,1006.3,61,0.00,0.0,91.9,33.3,
20160730,daily,1010.4,24.8,29.84,76.6,1.6,24.8,1.0,1.0,1.6,24.8,76.6,91.9,76.6,33.3,61,NaN,NNW,61,33.3,29.68,91.9,1005.0,61,0.00,0.0,91.9,33.3,
20160731,daily,1009.4,24.8,29.81,76.6,1.6,24.8,1.0,1.0,1.6,24.8,76.6,91.9,76.6,33.3,61,NaN,NNW,61,33.3,29.66,91.9,1004.3,61,0.00,0.0,91.9,33.3,
20160801,daily,1007.0,24.8,29.74,76.6,1.6,24.8,1.0,1.0,1.6,24.8,76.6,91.9,76.6,33.3,61,NaN,NNW,61,33.3,29.61,91.9,1002.6,61,0.00,0.0,91.9,33.3,
20160802,daily,1007.0,24.8,29.74,76.6,1.6,24.8,1.0,1.0,1.6,24.8,76.6,91.9,76.6,33.3,61,NaN,NNW,61,33.3,29.58,91.9,1001.6,61,0.00,0.0,91.9,33.3,
20160803,daily,1008.0,24.8,29.77,76.6,1.6,24.8,1.0,1.0,1.6,24.8,76.6,91.9,76.6,33.3,61,NaN,NNW,61,33.3,29.65,91.9,1003.9,61,0.00,0.0,91.9,33.3,
20160804,daily,1009.7,24.8,29.82,76.6,1.6,24.8,1.0,1.0,1.6,24.8,76.6,91.9,76.6,33.3,61,NaN,NNW,61,33.3,29.70,91.9,1005.6,61,0.00,0.0,91.9,33.3,
20160805,daily,1010.7,24.8,29.85,76.6,1.6,24.8,1.0,1.0,1.6,24.8,76.6,91.9,76.6,33.3,61,NaN,NNW,61,33.3,29.74,91.9,1007.0,61,0.00,0.0,91.9,33.3,
20160806,daily,1010.4,24.8,29.84,76.6,1.6,24.8,1.0,1.0,1.6,24.8,76.6,91.9,76.6,33.3,61,NaN,NNW,61,33.3,29.69,91.9,1005.3,61,0.00,0.0,91.9,33.3,
20160807,daily,1010.0,24.8,29.83,76.6,1.6,24.8,1.0,1.0,1.6,24.8,76.6,91.9,76.6,33.3,61,NaN,NNW,61,33.3,29.71,91.9,1006.0,61,0.00,0.0,91.9,33.3,
20160808,daily,1010.7,24.8,29.85,76.6,1.6,24.8,1.0,1.0,1.6,24.8,76.6,91.9,76.6,33.3,61,NaN,NNW,61,33.3,29.73,91.9,1006.7,61,0.00,0.0,91.9,33.3,
20160809,daily,1009.7,24.8,29.82,76.6,1.6,24.8,1.0,1.0,1.6,24.8,76.6,91.9,76.6,33.3,61,NaN,NNW,61,33.3,29.67,91.9,1004.6,61,0.00,0.0,91.9,33.3,
20160810,daily,1008.7,24.8,29.79,76.6,1.6,24.8,1.0,1.0,1.6,24.8,76.6,91.9,76.6,33.3,61,NaN,NNW,61,33.3,29.74,91.9,1007.0,61,0.00,0.0,91.9,33.3,
20160811,daily,NaN,NaN,NaN,NaN,NaN,NaN,NaN,NaN,NaN,NaN,NaN,NaN,NaN,NaN,NaN,NaN,NaN,NaN,NaN,NaN,NaN,NaN,NaN,NaN,NaN,NaN,NaN,
20160812,daily,NaN,NaN,NaN,NaN,NaN,NaN,NaN,NaN,NaN,NaN,NaN,NaN,NaN,NaN,NaN,NaN,NaN,NaN,NaN,NaN,NaN,NaN,NaN,NaN,NaN,NaN,NaN,
20160813,daily,NaN,NaN,NaN,NaN,NaN,NaN,NaN,NaN,NaN,NaN,NaN,NaN,NaN,NaN,NaN,NaN,NaN,NaN,NaN,NaN,NaN,NaN,NaN,NaN,NaN,NaN,NaN,
20160814,daily,NaN,NaN,NaN,NaN,NaN,NaN,NaN,NaN,NaN,NaN,NaN,NaN,NaN,NaN,NaN,NaN,NaN,NaN,NaN,NaN,NaN,NaN,NaN,NaN,NaN,NaN,NaN,
20160815,daily,NaN,NaN,NaN,NaN,NaN,NaN,NaN,NaN,NaN,NaN,NaN,NaN,NaN,NaN,NaN,NaN,NaN,NaN,NaN,NaN,NaN,NaN,NaN,NaN,NaN,NaN,NaN,
20160816,daily,NaN,NaN,NaN,NaN,NaN,NaN,NaN,NaN,NaN,NaN,NaN,NaN,NaN,NaN,NaN,NaN,NaN,NaN,NaN,NaN,NaN,NaN,NaN,NaN,NaN,NaN,NaN,
20160817,daily,NaN,NaN,NaN,NaN,NaN,NaN,NaN,NaN,NaN,NaN,NaN,NaN,NaN,NaN,NaN,NaN,NaN,NaN,NaN,NaN,NaN,NaN,NaN,NaN,NaN,NaN,NaN,
20160818,daily,NaN,NaN,NaN,NaN,NaN,NaN,NaN,NaN,NaN,NaN,NaN,NaN,NaN,NaN,NaN,NaN,NaN,NaN,NaN,NaN,NaN,NaN,NaN,NaN,NaN,NaN,NaN,
20160819,daily,NaN,NaN,NaN,NaN,NaN,NaN,NaN,NaN,NaN,NaN,NaN,NaN,NaN,NaN,NaN,NaN,NaN,NaN,NaN,NaN,NaN,NaN,NaN,NaN,NaN,NaN,NaN,
20160820,daily,NaN,NaN,NaN,NaN,NaN,NaN,NaN,NaN,NaN,NaN,NaN,NaN,NaN,NaN,NaN,NaN,NaN,NaN,NaN,NaN,NaN,NaN,NaN,NaN,NaN,NaN,NaN,
20160821,daily,NaN,NaN,NaN,NaN,NaN,NaN,NaN,NaN,NaN,NaN,NaN,NaN,NaN,NaN,NaN,NaN,NaN,NaN,NaN,NaN,NaN,NaN,NaN,NaN,NaN,NaN,NaN,
20160822,daily,NaN,NaN,NaN,NaN,NaN,NaN,NaN,NaN,NaN,NaN,NaN,NaN,NaN,NaN,NaN,NaN,NaN,NaN,NaN,NaN,NaN,NaN,NaN,NaN,NaN,NaN,NaN,
20160823,daily,1006.7,24.8,29.73,76.6,0.0,24.8,0.0,0.0,0.0,24.8,76.6,32.0,76.6,0.0,-999,NaN,South,-999,0.0,29.70,32.0,1005.6,-999,0.00,0.0,32.0,0.0,
20160824,daily,1007.0,24.8,29.74,76.6,0.0,24.8,0.0,0.0,0.0,24.8,76.6,32.0,76.6,0.0,-999,NaN,South,-999,0.0,29.64,32.0,1003.6,-999,0.00,0.0,32.0,0.0,
20160825,daily,1008.4,25.9,29.78,78.7,16.1,23.8,10.0,0.4,0.7,24.8,74.9,32.0,76.7,0.0,60,NaN,WSW,94,33.4,29.65,92.2,1003.9,10,0.11,2.8,62.1,16.7,
20160826,daily,1010.4,26.5,29.84,79.7,25.7,22.9,16.0,2.9,4.6,25.1,73.3,74.8,77.2,23.8,60,NaN,WNW,95,33.4,29.69,92.1,1005.3,84,3.19,81.0,83.4,28.6,
20160827,daily,1011.7,26.7,29.88,80.1,20.9,23.4,13.0,2.9,4.6,25.0,74.1,76.8,77.0,24.9,58,NaN,WNW,96,34.1,29.70,93.4,1005.6,84,0.02,0.5,85.1,29.5,
20160828,daily,1010.7,26.4,29.85,79.5,25.7,22.9,16.0,2.5,4.0,24.7,73.2,76.6,76.5,24.8,56,NaN,NNW,94,34.7,29.69,94.5,1005.3,83,0.75,19.0,85.6,29.8,
20160829,daily,1010.7,26.2,29.85,79.2,19.3,23.6,12.0,2.7,4.4,25.1,74.4,77.9,77.2,25.5,62,NaN,SW,94,33.3,29.69,91.9,1005.3,82,0.44,11.2,84.9,29.4,
20160830,daily,1012.1,26.2,29.89,79.1,24.1,23.7,15.0,2.1,3.3,25.0,74.6,76.6,77.0,24.8,65,NaN,West,95,32.8,29.76,91.0,1007.7,86,0.83,21.1,83.8,28.8,
20160831,daily,1013.1,26.1,29.92,79.0,20.9,23.3,13.0,2.5,4.1,24.5,73.9,77.7,76.2,25.4,58,NaN,WNW,97,33.6,29.78,92.5,1008.4,81,0.13,3.3,85.1,29.5,
20160901,daily,1012.4,26.0,29.90,78.8,20.9,23.4,13.0,4.0,6.5,24.5,74.1,77.7,76.1,25.4,54,NaN,NW,92,34.9,29.73,94.8,1006.7,74,0.00,0.0,86.2,30.1,
20160902,daily,1010.0,26.0,29.83,78.8,43.4,21.4,27.0,8.4,13.6,24.9,70.6,81.0,76.8,27.2,56,NaN,WNW,87,33.8,29.68,92.8,1005.0,76,0.00,0.0,86.9,30.5,
20160903,daily,1010.0,25.7,29.83,78.2,30.6,22.8,19.0,7.3,11.8,24.4,73.0,80.4,75.9,26.9,55,NaN,WNW,88,34.0,29.70,93.2,1005.6,76,0.01,0.3,86.8,30.4,
20160904,daily,1010.7,25.4,29.85,77.8,30.6,22.3,19.0,6.4,10.3,24.3,72.1,79.9,75.7,26.6,56,NaN,NW,89,34.1,29.69,93.4,1005.3,74,0.00,0.0,86.7,30.4,
20160905,daily,1010.4,25.7,29.84,78.2,20.9,23.3,13.0,6.5,10.4,24.8,74.0,81.0,76.7,27.2,60,NaN,WNW,89,33.1,29.71,91.6,1006.0,77,0.00,0.0,86.3,30.2,
20160906,daily,1011.1,25.6,29.86,78.1,22.5,22.5,14.0,6.1,9.8,24.9,72.5,80.4,76.7,26.9,53,NaN,West,90,33.6,29.70,92.5,1005.6,78,0.00,0.0,86.4,30.2,
20160907,daily,1012.4,26.1,29.90,79.0,20.9,23.4,13.0,3.6,5.8,24.6,74.1,78.1,76.3,25.6,68,NaN,WNW,94,31.1,29.78,88.0,1008.4,85,0.24,6.1,83.1,28.4,
20160908,daily,1012.4,25.6,29.90,78.1,17.7,22.8,11.0,4.3,6.9,24.5,73.1,78.1,76.0,25.6,60,NaN,West,96,32.7,29.77,90.9,1008.0,78,0.02,0.5,84.5,29.2,
20160909,daily,1012.1,25.3,29.89,77.6,20.9,23.0,13.0,6.0,9.7,24.2,73.4,79.9,75.6,26.6,57,NaN,WNW,87,33.0,29.75,91.4,1007.3,75,0.00,0.0,85.7,29.8,
20160910,daily,1010.4,25.2,29.84,77.4,27.4,22.3,17.0,6.4,10.2,24.6,72.1,76.6,76.3,24.8,60,NaN,West,91,32.4,29.70,90.3,1005.6,81,0.15,3.8,83.4,28.6,
20160911,daily,1009.4,25.8,29.81,78.5,22.5,23.5,14.0,4.3,7.0,24.7,74.3,76.1,76.5,24.5,66,NaN,NW,95,31.8,29.67,89.2,1004.6,88,2.17,55.1,82.6,28.1,
20160912,daily,1010.0,24.8,29.83,76.7,29.0,22.8,18.0,5.9,9.5,24.1,73.0,76.3,75.4,24.6,78,NaN,WNW,95,28.9,29.70,84.0,1005.6,89,0.31,7.9,80.2,26.8,
20160913,daily,1011.1,24.2,29.86,75.5,29.0,22.2,18.0,8.2,13.2,23.5,71.9,77.2,74.3,25.1,69,NaN,WNW,92,30.1,29.72,86.2,1006.3,81,0.23,5.8,81.7,27.6,
20160914,daily,1011.4,25.1,29.87,77.2,24.1,22.3,15.0,5.5,8.8,23.9,72.1,77.0,74.9,25.0,63,NaN,WNW,92,31.8,29.72,89.2,1006.3,81,0.00,0.0,83.1,28.4,
20160915,daily,1010.7,25.1,29.85,77.1,22.5,22.0,14.0,5.3,8.5,23.8,71.6,77.4,74.8,25.2,61,NaN,NW,92,32.2,29.72,90.0,1006.3,79,0.00,0.0,83.7,28.7,
20160916,daily,1010.0,25.6,29.83,78.1,27.4,23.0,17.0,4.7,7.6,24.2,73.4,78.1,75.6,25.6,67,NaN,NW,91,31.3,29.69,88.3,1005.3,83,0.16,4.1,83.2,28.4,
20160917,daily,1009.7,25.4,29.82,77.7,22.5,23.1,14.0,3.2,5.2,24.2,73.5,77.2,75.6,25.1,64,NaN,NW,95,32.3,29.66,90.1,1004.3,82,0.30,7.6,83.6,28.7,
20160918,daily,1009.4,25.3,29.81,77.5,24.1,22.7,15.0,4.2,6.7,24.5,72.8,76.6,76.1,24.8,59,NaN,NNW,95,33.2,29.67,91.8,1004.6,86,1.94,49.3,84.2,29.0,
20160919,daily,1008.7,26.1,29.79,79.0,11.3,23.1,7.0,1.6,2.6,24.5,73.6,77.6,76.1,25.3,60,NaN,NNW,93,33.6,29.65,92.5,1003.9,85,0.13,3.3,85.1,29.5,
20160920,daily,1009.7,26.5,29.82,79.7,17.7,22.8,11.0,1.4,2.3,25.3,73.0,77.7,77.5,25.4,61,NaN,WSW,96,33.6,29.67,92.5,1004.6,85,0.78,19.8,85.1,29.5,
20160921,daily,1010.7,26.2,29.85,79.2,19.3,23.6,12.0,2.5,4.0,24.9,74.5,75.7,76.9,24.3,59,NaN,North,98,33.7,29.72,92.7,1006.3,86,0.83,21.1,84.2,29.0,
20160922,daily,1010.4,26.3,29.84,79.4,14.5,23.9,9.0,1.4,2.2,24.8,75.0,76.3,76.6,24.6,70,NaN,NW,97,31.1,29.72,88.0,1006.3,89,1.04,26.4,82.2,27.9,
20160923,daily,1009.4,25.8,29.81,78.5,9.7,24.3,6.0,2.1,3.4,25.1,75.8,77.7,77.1,25.4,69,NaN,SSE,97,31.1,29.68,88.0,1005.0,86,0.05,1.3,82.8,28.2,
20160924,daily,1008.7,26.0,29.79,78.8,12.9,23.7,8.0,2.2,3.6,25.0,74.7,79.0,77.1,26.1,60,NaN,WNW,94,32.6,29.65,90.7,1003.9,81,0.00,0.0,84.8,29.4,
20160925,daily,1009.7,26.6,29.82,79.9,16.1,23.6,10.0,3.6,5.8,25.1,74.4,79.9,77.1,26.6,58,NaN,NW,95,33.1,29.66,91.6,1004.3,78,0.03,0.8,85.8,29.9,
20160926,daily,1010.4,26.2,29.84,79.2,16.1,22.7,10.0,2.2,3.6,24.6,72.9,74.1,76.3,23.4,63,NaN,NW,97,32.9,29.65,91.2,1003.9,87,5.74,145.8,82.6,28.1,
20160927,daily,1010.0,25.9,29.83,78.7,33.8,23.2,21.0,1.9,3.0,24.3,73.8,75.4,75.8,24.1,65,NaN,North,96,32.7,29.66,90.9,1004.3,85,1.26,32.0,83.2,28.4,
20160928,daily,1009.7,25.6,29.82,78.1,0.0,23.3,0.0,0.0,0.0,24.6,74.0,76.1,76.3,24.5,65,NaN,South,95,32.3,29.66,90.1,1004.3,85,1.73,43.9,83.1,28.4,
20160929,daily,1009.0,25.4,29.80,77.7,8.0,23.4,5.0,0.2,0.3,24.3,74.1,75.7,75.7,24.3,65,NaN,North,96,31.6,29.67,88.9,1004.6,86,0.05,1.3,82.3,27.9,
20160930,daily,1009.0,25.8,29.80,78.5,20.9,23.7,13.0,1.9,3.0,24.6,74.6,77.5,76.3,25.3,67,NaN,North,96,31.2,29.68,88.2,1005.0,87,0.02,0.5,82.8,28.2,
20161001,daily,1010.0,25.3,29.83,77.6,4.8,23.3,3.0,0.0,0.0,24.5,73.9,77.2,76.2,25.1,59,NaN,North,95,32.8,29.68,91.0,1005.0,81,0.11,2.8,84.1,28.9,
20161002,daily,1010.4,25.9,29.84,78.6,0.0,22.8,0.0,0.0,0.0,24.8,73.0,79.2,76.6,26.2,66,NaN,South,92,32.6,29.69,90.7,1005.3,84,0.00,0.0,84.9,29.4,
20161003,daily,1010.7,26.0,29.85,78.8,6.4,23.4,4.0,0.1,0.2,24.5,74.2,75.4,76.1,24.1,76,NaN,NNE,97,30.2,29.71,86.4,1006.0,93,1.80,45.7,80.9,27.2,
20161004,daily,1010.0,26.0,29.83,78.8,0.0,23.9,0.0,0.0,0.0,24.9,75.1,76.3,76.9,24.6,65,NaN,South,97,32.3,29.68,90.1,1005.0,87,0.00,0.0,83.2,28.4,
20161005,daily,1009.4,25.9,29.81,78.7,0.0,23.3,0.0,0.0,0.0,25.0,74.0,78.6,77.0,25.9,65,NaN,South,95,32.2,29.67,90.0,1004.6,84,0.79,20.1,84.3,29.1,
20161006,daily,1010.7,26.4,29.85,79.5,1.6,22.8,1.0,0.0,0.0,24.8,73.1,74.5,76.7,23.6,68,NaN,North,97,31.4,29.72,88.5,1006.3,88,1.11,28.2,81.5,27.5,
20161007,daily,1011.7,25.2,29.88,77.3,3.2,23.0,2.0,0.0,0.0,24.1,73.4,74.5,75.4,23.6,65,NaN,North,97,31.8,29.72,89.2,1006.3,88,0.54,13.7,81.8,27.7,
20161008,daily,1012.4,25.2,29.90,77.4,0.0,23.2,0.0,0.0,0.0,24.5,73.8,75.2,76.0,24.0,77,NaN,South,97,29.1,29.74,84.4,1007.0,91,0.98,24.9,79.8,26.6,
20161009,daily,1010.7,26.1,29.85,79.0,0.0,23.7,0.0,0.0,0.0,24.8,74.6,77.7,76.7,25.4,71,NaN,South,95,30.3,29.69,86.5,1005.3,87,0.24,6.1,82.1,27.8,
20161010,daily,1009.7,26.7,29.82,80.0,0.0,24.2,0.0,0.0,0.0,25.3,75.5,76.5,77.5,24.7,76,NaN,South,97,30.2,29.69,86.4,1005.3,91,0.62,15.7,81.4,27.5,
20161011,daily,1009.7,26.2,29.82,79.1,0.0,23.7,0.0,0.0,0.0,25.0,74.7,76.3,76.9,24.6,77,NaN,South,97,29.7,29.70,85.5,1005.6,93,1.25,31.8,80.9,27.2,
20161012,daily,1009.7,25.8,29.82,78.5,0.0,24.1,0.0,0.0,0.0,25.0,75.4,76.6,77.0,24.8,72,NaN,South,97,30.8,29.68,87.4,1005.0,90,0.19,4.8,82.0,27.8,
20161013,daily,1009.4,25.9,29.81,78.7,0.0,23.9,0.0,0.0,0.0,24.9,75.0,32.0,76.8,0.0,79,NaN,South,94,29.1,29.67,84.4,1004.6,78,0.01,0.3,58.2,14.6,
20161014,daily,1009.0,26.2,29.80,79.2,0.0,24.2,0.0,0.0,0.0,25.5,75.5,78.4,77.9,25.8,61,NaN,South,97,32.9,29.64,91.2,1003.6,84,0.00,0.0,84.8,29.3,
20161015,daily,1009.0,26.7,29.80,80.1,0.0,24.9,0.0,0.0,0.0,25.7,76.8,78.8,78.2,26.0,67,NaN,South,96,32.5,29.65,90.5,1003.9,90,0.94,23.9,84.7,29.2,
20161016,daily,1009.7,26.4,29.82,79.6,0.0,23.7,0.0,0.0,0.0,24.9,74.6,75.6,76.9,24.2,71,NaN,South,98,31.6,29.65,88.9,1003.9,92,4.53,115.1,82.2,27.9,
20161017,daily,1009.0,25.7,29.80,78.3,0.0,23.4,0.0,0.0,0.0,24.7,74.1,75.0,76.4,23.9,68,NaN,South,98,31.7,29.62,89.1,1002.9,89,2.57,65.3,82.1,27.8,
20161018,daily,1009.0,25.7,29.80,78.3,0.0,23.7,0.0,0.0,0.0,24.7,74.6,75.6,76.5,24.2,73,NaN,South,98,30.0,29.66,86.0,1004.3,87,0.02,0.5,80.8,27.1,
20161019,daily,1008.7,25.8,29.79,78.5,0.0,23.3,0.0,0.0,0.0,24.9,74.0,77.0,76.7,25.0,63,NaN,South,94,31.7,29.66,89.1,1004.3,86,0.13,3.3,83.1,28.4,
20161020,daily,1009.4,25.4,29.81,77.8,0.0,22.9,0.0,0.0,0.0,24.3,73.3,77.2,75.7,25.1,71,NaN,South,94,30.3,29.66,86.5,1004.3,84,0.20,5.1,81.8,27.7,
20161021,daily,1009.7,25.8,29.82,78.5,0.0,23.4,0.0,0.0,0.0,24.6,74.2,76.1,76.2,24.5,65,NaN,South,96,31.6,29.69,88.9,1005.3,86,0.64,16.3,82.5,28.1,
20161022,daily,1010.7,26.1,29.85,79.0,0.0,23.4,0.0,0.0,0.0,24.7,74.2,77.2,76.5,25.1,70,NaN,South,96,31.2,29.71,88.2,1006.0,89,0.34,8.6,82.7,28.2,
20161023,daily,1010.0,26.1,29.83,79.0,0.0,23.3,0.0,0.0,0.0,24.7,73.9,75.2,76.5,24.0,63,NaN,South,97,32.8,29.67,91.0,1004.6,87,2.50,63.5,83.1,28.4,
20161024,daily,1010.7,25.8,29.85,78.5,0.0,23.4,0.0,0.0,0.0,24.5,74.2,75.6,76.0,24.2,68,NaN,South,96,30.9,29.71,87.6,1006.0,89,0.09,2.3,81.6,27.6,
20161025,daily,1011.1,25.6,29.86,78.0,0.0,23.8,0.0,0.0,0.0,24.8,74.8,76.5,76.7,24.7,79,NaN,South,97,29.1,29.73,84.4,1006.7,94,2.80,71.1,80.4,26.9,
20161026,daily,1012.8,25.9,29.91,78.7,0.0,24.1,0.0,0.0,0.0,24.9,75.3,77.7,76.9,25.4,69,NaN,South,97,31.6,29.78,88.9,1008.4,86,0.02,0.5,83.3,28.5,
20161027,daily,1014.1,25.6,29.95,78.0,0.0,22.4,0.0,0.0,0.0,24.7,72.4,77.7,76.4,25.4,62,NaN,South,94,32.8,29.80,91.0,1009.0,82,0.00,0.0,84.3,29.1,
20161028,daily,1013.1,25.5,29.92,77.9,0.0,22.9,0.0,0.0,0.0,24.0,73.3,75.4,75.2,24.1,60,NaN,South,96,32.6,29.77,90.7,1008.0,83,0.23,5.8,83.1,28.4,
20161029,daily,1012.8,24.9,29.91,76.9,0.0,22.7,0.0,0.0,0.0,23.8,72.9,74.8,74.8,23.8,60,NaN,South,95,32.4,29.75,90.3,1007.3,87,0.95,24.1,82.6,28.1,
20161030,daily,1013.1,25.3,29.92,77.6,0.0,22.8,0.0,0.0,0.0,23.8,73.1,75.0,74.9,23.9,72,NaN,South,96,30.3,29.79,86.5,1008.7,89,0.65,16.5,80.8,27.1,
20161031,daily,1013.4,25.7,29.93,78.2,0.0,23.4,0.0,0.0,0.0,24.5,74.2,75.9,76.1,24.4,66,NaN,South,97,31.5,29.81,88.7,1009.4,89,0.75,19.0,82.3,27.9,
20161101,daily,1012.8,25.6,29.91,78.0,0.0,23.3,0.0,0.0,0.0,24.4,73.9,74.8,75.9,23.8,65,NaN,South,97,31.9,29.76,89.4,1007.7,86,0.03,0.8,82.1,27.8,
20161102,daily,1012.4,25.6,29.90,78.1,0.0,23.1,0.0,0.0,0.0,24.1,73.6,75.7,75.4,24.3,64,NaN,South,95,32.2,29.77,90.0,1008.0,86,0.23,5.8,82.8,28.2,
20161103,daily,1011.7,25.1,29.88,77.1,0.0,23.4,0.0,0.0,0.0,24.2,74.2,77.2,75.6,25.1,69,NaN,South,95,30.6,29.78,87.1,1008.4,84,0.00,0.0,82.1,27.9,
20161104,daily,1011.1,24.4,29.86,75.9,0.0,23.1,0.0,0.0,0.0,23.8,73.6,76.3,74.9,24.6,75,NaN,South,94,28.9,29.73,84.0,1006.7,86,0.24,6.1,80.2,26.8,
20161105,daily,1010.0,23.9,29.83,75.0,0.0,22.4,0.0,0.0,0.0,23.2,72.4,75.0,73.8,23.9,78,NaN,South,98,27.0,29.70,80.6,1005.6,90,1.94,49.3,77.8,25.4,
20161106,daily,1011.7,25.2,29.88,77.3,0.0,23.6,0.0,0.0,0.0,24.2,74.4,75.0,75.6,23.9,82,NaN,South,98,28.1,29.73,82.6,1006.7,91,0.04,1.0,78.8,26.0,
20161107,daily,1013.1,25.6,29.92,78.1,0.0,23.6,0.0,0.0,0.0,24.8,74.5,77.2,76.7,25.1,61,NaN,South,97,32.4,29.79,90.3,1008.7,83,0.00,0.0,83.8,28.8,
20161108,daily,1014.4,26.2,29.96,79.2,0.0,24.7,0.0,0.0,0.0,25.2,76.4,78.4,77.4,25.8,65,NaN,South,95,32.4,29.83,90.3,1010.0,84,0.08,2.0,84.4,29.1,
20161109,daily,1014.4,26.2,29.96,79.2,0.0,22.2,0.0,0.0,0.0,25.0,72.0,79.5,77.0,26.4,63,NaN,South,94,32.8,29.83,91.0,1010.0,83,0.01,0.3,85.2,29.6,
20161110,daily,1015.1,25.4,29.98,77.7,0.0,22.2,0.0,0.0,0.0,23.9,71.9,77.4,75.1,25.2,53,NaN,South,93,33.6,29.82,92.5,1009.7,77,0.00,0.0,84.9,29.4,
20161111,daily,1014.1,25.5,29.95,77.9,0.0,22.7,0.0,0.0,0.0,24.2,72.8,77.9,75.5,25.5,56,NaN,South,93,33.2,29.80,91.8,1009.0,78,0.16,4.1,84.9,29.4,
20161112,daily,1013.8,25.2,29.94,77.4,0.0,22.4,0.0,0.0,0.0,23.6,72.3,78.6,74.5,25.9,55,NaN,South,89,33.2,29.81,91.8,1009.4,74,0.00,0.0,85.2,29.6,
20161113,daily,1013.4,26.2,29.93,79.2,0.0,22.9,0.0,0.0,0.0,24.2,73.3,78.1,75.6,25.6,55,NaN,South,93,33.8,29.78,92.8,1008.4,77,0.06,1.5,85.4,29.7,
20161114,daily,1012.8,25.4,29.91,77.7,0.0,20.6,0.0,0.0,0.0,23.9,69.0,78.3,75.0,25.7,45,NaN,South,92,34.3,29.77,93.7,1008.0,74,0.00,0.0,86.0,30.0,
20161115,daily,1012.8,26.3,29.91,79.3,0.0,22.9,0.0,0.0,0.0,25.0,73.2,79.2,77.1,26.2,53,NaN,South,95,34.5,29.77,94.1,1008.0,79,0.00,0.0,86.6,30.4,
20161116,daily,1012.4,25.6,29.90,78.1,0.0,21.1,0.0,0.0,0.0,23.6,70.0,78.3,74.6,25.7,47,NaN,South,94,34.7,29.77,94.5,1008.0,73,0.02,0.5,86.4,30.2,
20161117,daily,1011.4,25.3,29.87,77.6,0.0,22.1,0.0,0.0,0.0,24.4,71.8,78.6,75.9,25.9,55,NaN,South,92,33.3,29.76,91.9,1007.7,79,0.00,0.0,85.2,29.6,
20161118,daily,1010.4,25.8,29.84,78.5,0.0,23.4,0.0,0.0,0.0,24.7,74.2,80.1,76.4,26.7,60,NaN,South,94,32.7,29.71,90.9,1006.0,78,0.00,0.0,85.5,29.7,
20161119,daily,1010.0,25.3,29.83,77.6,0.0,23.1,0.0,0.0,0.0,24.5,73.6,78.3,76.2,25.7,53,NaN,South,94,34.1,29.69,93.4,1005.3,79,0.00,0.0,85.9,29.9,
20161120,daily,1010.4,25.8,29.84,78.5,0.0,23.2,0.0,0.0,0.0,24.7,73.7,76.5,76.4,24.7,59,NaN,South,95,33.1,29.67,91.6,1004.6,84,0.41,10.4,84.1,28.9,
20161121,daily,1010.4,26.0,29.84,78.8,0.0,24.1,0.0,0.0,0.0,25.1,75.3,76.8,77.1,24.9,66,NaN,South,96,32.7,29.68,90.9,1005.0,85,0.03,0.8,83.9,28.8,
20161122,daily,1010.7,25.8,29.85,78.5,0.0,24.1,0.0,0.0,0.0,25.0,75.4,79.0,77.0,26.1,65,NaN,South,93,32.4,29.74,90.3,1007.0,83,0.02,0.5,84.7,29.2,
20161123,daily,1011.7,25.6,29.88,78.0,0.0,24.2,0.0,0.0,0.0,25.0,75.6,78.4,77.1,25.8,64,NaN,South,94,32.8,29.74,91.0,1007.0,81,0.00,0.0,84.7,29.3,
20161124,daily,1011.4,25.4,29.87,77.8,0.0,24.6,0.0,0.0,0.0,25.0,76.2,79.3,77.0,26.3,62,NaN,South,93,33.2,29.76,91.8,1007.7,83,0.00,0.0,85.6,29.8,
20161125,daily,1009.4,25.9,29.81,78.6,0.0,23.3,0.0,0.0,0.0,24.0,74.0,80.4,75.1,26.9,58,NaN,South,83,32.9,29.73,91.3,1006.7,75,0.00,0.0,85.9,29.9,
20161126,daily,1011.4,25.0,29.87,77.0,0.0,22.2,0.0,0.0,0.0,24.0,72.0,78.4,75.1,25.8,53,NaN,South,91,33.6,29.72,92.5,1006.3,76,0.00,0.0,85.4,29.7,
20161127,daily,1011.1,26.3,29.86,79.3,0.0,22.6,0.0,0.0,0.0,24.5,72.6,79.9,76.1,26.6,54,NaN,South,90,34.1,29.74,93.4,1007.0,77,0.00,0.0,86.7,30.4,
20161128,daily,1012.1,25.4,29.89,77.7,0.0,22.8,0.0,0.0,0.0,24.2,73.1,79.0,75.5,26.1,60,NaN,South,93,32.9,29.77,91.2,1008.0,77,0.00,0.0,85.1,29.5,
20161129,daily,1013.4,25.4,29.93,77.8,0.0,21.8,0.0,0.0,0.0,23.3,71.2,78.1,74.0,25.6,51,NaN,South,88,34.3,29.79,93.7,1008.7,70,0.00,0.0,85.9,29.9,
20161130,daily,1014.1,26.1,29.95,79.0,0.0,22.3,0.0,0.0,0.0,23.7,72.2,74.7,74.7,23.7,65,NaN,South,94,32.0,29.82,89.6,1009.7,80,0.17,4.3,82.1,27.9,
20161201,daily,1013.8,25.2,29.94,77.4,0.0,22.2,0.0,0.0,0.0,23.8,72.0,76.1,74.9,24.5,65,NaN,South,96,31.2,29.83,88.2,1010.0,86,0.00,0.0,82.1,27.9,
20161202,daily,NaN,NaN,NaN,NaN,NaN,NaN,NaN,NaN,NaN,NaN,NaN,NaN,NaN,NaN,NaN,NaN,NaN,NaN,NaN,NaN,NaN,NaN,NaN,NaN,NaN,NaN,NaN,
20161203,daily,NaN,NaN,NaN,NaN,NaN,NaN,NaN,NaN,NaN,NaN,NaN,NaN,NaN,NaN,NaN,NaN,NaN,NaN,NaN,NaN,NaN,NaN,NaN,NaN,NaN,NaN,NaN,
20161204,daily,1012.8,25.2,29.91,77.4,0.0,23.4,0.0,0.0,0.0,24.1,74.1,78.1,75.3,25.6,68,NaN,South,92,30.7,29.79,87.3,1008.7,82,0.00,0.0,82.7,28.2,
20161205,daily,1012.8,24.7,29.91,76.4,0.0,22.4,0.0,0.0,0.0,23.9,72.3,76.1,74.9,24.5,61,NaN,South,95,31.7,29.78,89.1,1008.4,80,0.07,1.8,82.6,28.1,
20161206,daily,1012.4,25.5,29.90,77.9,0.0,22.4,0.0,0.0,0.0,24.0,72.4,77.4,75.2,25.2,60,NaN,South,95,31.7,29.77,89.1,1008.0,83,0.41,10.4,83.2,28.5,
20161207,daily,1012.1,24.8,29.89,76.6,0.0,23.1,0.0,0.0,0.0,24.2,73.5,77.4,75.6,25.2,62,NaN,South,95,31.8,29.77,89.2,1008.0,85,0.02,0.5,83.3,28.5,
20161208,daily,1011.1,24.7,29.86,76.5,0.0,23.3,0.0,0.0,0.0,23.9,74.0,76.6,75.0,24.8,82,NaN,South,95,27.2,29.75,81.0,1007.3,86,0.00,0.0,78.8,26.0,
20161209,daily,1011.1,23.8,29.86,74.9,0.0,23.8,0.0,0.0,0.0,23.8,74.9,81.0,74.9,27.2,82,NaN,South,82,27.2,29.86,81.0,1011.1,82,0.00,0.0,81.0,27.2,
20161210,daily,1011.1,23.8,29.86,74.9,0.0,23.8,0.0,0.0,0.0,23.8,74.9,81.0,74.9,27.2,82,NaN,South,82,27.2,29.86,81.0,1011.1,82,0.00,0.0,81.0,27.2,
20161211,daily,NaN,NaN,NaN,NaN,NaN,NaN,NaN,NaN,NaN,NaN,NaN,NaN,NaN,NaN,NaN,NaN,NaN,NaN,NaN,NaN,NaN,NaN,NaN,NaN,NaN,NaN,NaN,
20161212,daily,1011.1,24.0,29.86,75.2,0.0,23.1,0.0,0.0,0.0,23.6,73.5,75.0,74.5,23.9,82,NaN,South,95,27.2,29.71,81.0,1006.0,89,0.02,0.5,78.0,25.6,
20161213,daily,1010.0,24.1,29.83,75.3,0.0,22.7,0.0,0.0,0.0,23.3,72.8,74.3,73.9,23.5,92,NaN,South,96,25.2,29.72,77.4,1006.3,95,0.10,2.5,75.9,24.4,
20161214,daily,1010.7,25.2,29.85,77.3,0.0,23.0,0.0,0.0,0.0,24.1,73.4,74.3,75.4,23.5,80,NaN,South,98,28.5,29.73,83.3,1006.7,93,0.16,4.1,78.8,26.0,
20161215,daily,1011.7,25.6,29.88,78.0,0.0,23.7,0.0,0.0,0.0,24.5,74.6,76.8,76.2,24.9,73,NaN,South,96,30.2,29.77,86.4,1008.0,88,0.00,0.0,81.6,27.6,
20161216,daily,1014.1,25.2,29.95,77.3,0.0,23.0,0.0,0.0,0.0,24.3,73.4,77.0,75.8,25.0,71,NaN,South,96,30.5,29.82,86.9,1009.7,85,0.00,0.0,81.9,27.7,
20161217,daily,1012.1,23.9,29.89,75.1,0.0,23.2,0.0,0.0,0.0,23.7,73.7,78.1,74.6,25.6,84,NaN,South,89,26.3,29.86,79.3,1011.1,89,0.00,0.0,78.7,25.9,
20161218,daily,1011.1,23.7,29.86,74.6,0.0,23.7,0.0,0.0,0.0,23.7,74.6,78.1,74.6,25.6,89,NaN,South,89,25.6,29.86,78.1,1011.1,89,0.00,0.0,78.1,25.6,
20161219,daily,1011.1,23.7,29.86,74.7,0.0,23.7,0.0,0.0,0.0,23.7,74.6,32.0,74.7,0.0,89,NaN,South,89,25.6,29.86,78.1,1011.1,43,0.00,0.0,55.0,12.8,
20161220,daily,-33856.6,23.7,-999.90,74.7,0.0,23.7,0.0,0.0,0.0,23.7,74.7,32.0,74.7,0.0,-999,NaN,South,-999,0.0,-999.90,32.0,-33856.6,-999,0.00,0.0,32.0,0.0,
20161221,daily,-33856.6,23.7,-999.90,74.7,0.0,23.7,0.0,0.0,0.0,23.7,74.7,32.0,74.7,0.0,-999,NaN,South,-999,0.0,-999.90,32.0,-33856.6,-999,0.00,0.0,32.0,0.0,
20161222,daily,-33856.6,23.7,-999.90,74.7,0.0,23.7,0.0,0.0,0.0,23.7,74.7,32.0,74.7,0.0,-999,NaN,South,-999,0.0,-999.90,32.0,-33856.6,-999,0.00,0.0,32.0,0.0,
20161223,daily,-33856.6,23.7,-999.90,74.7,0.0,23.7,0.0,0.0,0.0,23.7,74.7,32.0,74.7,0.0,-999,NaN,South,-999,0.0,-999.90,32.0,-33856.6,-999,0.00,0.0,32.0,0.0,
20161224,daily,-33856.6,23.7,-999.90,74.7,0.0,23.7,0.0,0.0,0.0,23.7,74.7,32.0,74.7,0.0,-999,NaN,South,-999,0.0,-999.90,32.0,-33856.6,-999,0.00,0.0,32.0,0.0,
20161225,daily,-33856.6,23.7,-999.90,74.7,0.0,23.7,0.0,0.0,0.0,23.7,74.7,32.0,74.7,0.0,-999,NaN,South,-999,0.0,-999.90,32.0,-33856.6,-999,0.00,0.0,32.0,0.0,
20161226,daily,-33856.6,23.7,-999.90,74.7,0.0,23.7,0.0,0.0,0.0,23.7,74.7,32.0,74.7,0.0,-999,NaN,South,-999,0.0,-999.90,32.0,-33856.6,-999,0.00,0.0,32.0,0.0,
20161227,daily,-33856.6,23.7,-999.90,74.7,0.0,23.7,0.0,0.0,0.0,23.7,74.7,32.0,74.7,0.0,-999,NaN,South,-999,0.0,-999.90,32.0,-33856.6,-999,0.00,0.0,32.0,0.0,
20161228,daily,-33856.6,23.7,-999.90,74.7,0.0,23.7,0.0,0.0,0.0,23.7,74.7,32.0,74.7,0.0,-999,NaN,South,-999,0.0,-999.90,32.0,-33856.6,-999,0.00,0.0,32.0,0.0,
20161229,daily,-33856.6,23.7,-999.90,74.7,0.0,23.7,0.0,0.0,0.0,23.7,74.7,32.0,74.7,0.0,-999,NaN,South,-999,0.0,-999.90,32.0,-33856.6,-999,0.00,0.0,32.0,0.0,
20161230,daily,-33856.6,23.7,-999.90,74.7,0.0,23.7,0.0,0.0,0.0,23.7,74.7,32.0,74.7,0.0,-999,NaN,South,-999,0.0,-999.90,32.0,-33856.6,-999,0.00,0.0,32.0,0.0,
20161231,daily,-33856.6,23.7,-999.90,74.7,0.0,23.7,0.0,0.0,0.0,23.7,74.7,32.0,74.7,0.0,-999,NaN,South,-999,0.0,-999.90,32.0,-33856.6,-999,0.00,0.0,32.0,0.0,
